DAY,DATE,EASTERN,LOCAL,AWAY,HOME,,,,
Fri.,10/4/2024,1:00 PM,7:00 PM,NJD,BUF,,,,
Sat.,10/5/2024,10:00 AM,4:00 PM,BUF,NJD,,,,
Tue.,10/8/2024,4:30 PM,1:30 PM,STL,SEA,,,,
Tue.,10/8/2024,7:00 PM,7:00 PM,BOS,FLA,,,,
Tue.,10/8/2024,10:00 PM,8:00 PM,CHI,UTA,,,,
Wed.,10/9/2024,7:00 PM,7:00 PM,TOR,MON,,,,
Wed.,10/9/2024,7:30 PM,7:30 PM,NYR,PIT,,,,
Wed.,10/9/2024,10:00 PM,8:00 PM,WPG,EDM,,,,
Wed.,10/9/2024,10:00 PM,7:00 PM,CGY,VAN,,,,
Wed.,10/9/2024,10:00 PM,7:00 PM,COL,VEG,,,,
Thu.,10/10/2024,7:00 PM,7:00 PM,MON,BOS,,,,
Thu.,10/10/2024,7:00 PM,7:00 PM,LAK,BUF,,,,
Thu.,10/10/2024,7:00 PM,7:00 PM,FLA,OTT,,,,
Thu.,10/10/2024,7:00 PM,7:00 PM,PIT,DET,,,,
Thu.,10/10/2024,7:00 PM,7:00 PM,TOR,NJD,,,,
Thu.,10/10/2024,7:30 PM,7:30 PM,UTA,NYI,,,,
Thu.,10/10/2024,8:00 PM,7:00 PM,DAL,NSH,,,,
Thu.,10/10/2024,8:00 PM,7:00 PM,CBJ,MIN,,,,
Thu.,10/10/2024,10:30 PM,7:30 PM,STL,SJS,,,,
Fri.,10/11/2024,7:00 PM,7:00 PM,TBL,CAR,,,,
Fri.,10/11/2024,8:00 PM,7:00 PM,CHI,WPG,,,,
Fri.,10/11/2024,10:00 PM,7:00 PM,PHI,VAN,,,,
Fri.,10/11/2024,10:00 PM,7:00 PM,STL,VEG,,,,
Sat.,10/12/2024,1:00 PM,1:00 PM,LAK,BOS,,,,
Sat.,10/12/2024,7:00 PM,7:00 PM,FLA,BUF,,,,
Sat.,10/12/2024,7:00 PM,7:00 PM,PIT,TOR,,,,
Sat.,10/12/2024,7:00 PM,7:00 PM,OTT,MON,,,,
Sat.,10/12/2024,7:00 PM,7:00 PM,NSH,DET,,,,
Sat.,10/12/2024,7:00 PM,7:00 PM,CAR,TBL,,,,
Sat.,10/12/2024,7:00 PM,7:00 PM,UTA,NYR,,,,
Sat.,10/12/2024,7:00 PM,7:00 PM,NJD,WSH,,,,
Sat.,10/12/2024,8:00 PM,7:00 PM,NYI,DAL,,,,
Sat.,10/12/2024,8:00 PM,7:00 PM,SEA,MIN,,,,
Sat.,10/12/2024,9:00 PM,7:00 PM,CBJ,COL,,,,
Sat.,10/12/2024,10:00 PM,8:00 PM,PHI,CGY,,,,
Sat.,10/12/2024,10:00 PM,8:00 PM,CHI,EDM,,,,
Sat.,10/12/2024,10:00 PM,7:00 PM,ANA,SJS,,,,
Sun.,10/13/2024,6:00 PM,5:00 PM,MIN,WPG,,,,
Sun.,10/13/2024,8:00 PM,7:00 PM,SEA,DAL,,,,
Sun.,10/13/2024,8:00 PM,6:00 PM,CGY,EDM,,,,
Sun.,10/13/2024,10:00 PM,7:00 PM,ANA,VEG,,,,
Mon.,10/14/2024,1:00 PM,1:00 PM,FLA,BOS,,,,
Mon.,10/14/2024,1:00 PM,1:00 PM,LAK,OTT,,,,
Mon.,10/14/2024,1:00 PM,1:00 PM,UTA,NJD,,,,
Mon.,10/14/2024,7:00 PM,7:00 PM,DET,NYR,,,,
Mon.,10/14/2024,7:30 PM,7:30 PM,PIT,MON,,,,
Mon.,10/14/2024,9:00 PM,7:00 PM,NYI,COL,,,,
Tue.,10/15/2024,7:00 PM,7:00 PM,VAN,TBL,,,,
Tue.,10/15/2024,7:00 PM,7:00 PM,VEG,WSH,,,,
Tue.,10/15/2024,7:00 PM,7:00 PM,NJD,CAR,,,,
Tue.,10/15/2024,7:00 PM,7:00 PM,FLA,CBJ,,,,
Tue.,10/15/2024,7:30 PM,6:30 PM,MIN,STL,,,,
Tue.,10/15/2024,8:00 PM,7:00 PM,SEA,NSH,,,,
Tue.,10/15/2024,8:00 PM,7:00 PM,SJS,DAL,,,,
Tue.,10/15/2024,9:00 PM,7:00 PM,CHI,CGY,,,,
Tue.,10/15/2024,10:00 PM,8:00 PM,PHI,EDM,,,,
Wed.,10/16/2024,7:00 PM,7:00 PM,BUF,PIT,,,,
Wed.,10/16/2024,7:30 PM,7:30 PM,LAK,TOR,,,,
Wed.,10/16/2024,9:30 PM,7:30 PM,BOS,COL,,,,
Wed.,10/16/2024,10:00 PM,7:00 PM,UTA,ANA,,,,
Thu.,10/17/2024,7:00 PM,7:00 PM,LAK,MON,,,,
Thu.,10/17/2024,7:00 PM,7:00 PM,NJD,OTT,,,,
Thu.,10/17/2024,7:00 PM,7:00 PM,NYR,DET,,,,
Thu.,10/17/2024,7:00 PM,7:00 PM,VEG,TBL,,,,
Thu.,10/17/2024,7:00 PM,7:00 PM,VAN,FLA,,,,
Thu.,10/17/2024,7:00 PM,7:00 PM,DAL,WSH,,,,
Thu.,10/17/2024,7:00 PM,7:00 PM,BUF,CBJ,,,,
Thu.,10/17/2024,8:00 PM,7:00 PM,NYI,STL,,,,
Thu.,10/17/2024,8:00 PM,7:00 PM,EDM,NSH,,,,
Thu.,10/17/2024,8:30 PM,7:30 PM,SJS,CHI,,,,
Thu.,10/17/2024,10:00 PM,7:00 PM,PHI,SEA,,,,
Fri.,10/18/2024,7:00 PM,7:00 PM,CAR,PIT,,,,
Fri.,10/18/2024,8:00 PM,7:00 PM,SJS,WPG,,,,
Fri.,10/18/2024,9:00 PM,7:00 PM,ANA,COL,,,,
Sat.,10/19/2024,1:00 PM,1:00 PM,TBL,OTT,,,,
Sat.,10/19/2024,2:00 PM,1:00 PM,DET,NSH,,,,
Sat.,10/19/2024,4:00 PM,3:00 PM,EDM,DAL,,,,
Sat.,10/19/2024,6:00 PM,6:00 PM,VEG,FLA,,,,
Sat.,10/19/2024,7:00 PM,7:00 PM,NYR,TOR,,,,
Sat.,10/19/2024,7:00 PM,7:00 PM,WSH,NJD,,,,
Sat.,10/19/2024,7:00 PM,7:00 PM,MON,NYI,,,,
Sat.,10/19/2024,7:00 PM,7:00 PM,VAN,PHI,,,,
Sat.,10/19/2024,7:00 PM,7:00 PM,MIN,CBJ,,,,
Sat.,10/19/2024,7:00 PM,6:00 PM,CAR,STL,,,,
Sat.,10/19/2024,8:00 PM,7:00 PM,BUF,CHI,,,,
Sat.,10/19/2024,9:00 PM,7:00 PM,BOS,UTA,,,,
Sat.,10/19/2024,10:00 PM,7:00 PM,CGY,SEA,,,,
Sun.,10/20/2024,3:00 PM,2:00 PM,PIT,WPG,,,,
Sun.,10/20/2024,4:00 PM,1:00 PM,COL,SJS,,,,
Sun.,10/20/2024,8:00 PM,5:00 PM,LAK,ANA,,,,
Mon.,10/21/2024,7:30 PM,7:30 PM,TBL,TOR,,,,
Tue.,10/22/2024,6:00 PM,6:00 PM,WSH,PHI,,,,
Tue.,10/22/2024,6:30 PM,6:30 PM,MIN,FLA,,,,
Tue.,10/22/2024,6:45 PM,6:45 PM,TBL,NJD,,,,
Tue.,10/22/2024,7:00 PM,7:00 PM,DAL,BUF,,,,
Tue.,10/22/2024,7:15 PM,7:15 PM,NYR,MON,,,,
Tue.,10/22/2024,7:30 PM,7:30 PM,TOR,CBJ,,,,
Tue.,10/22/2024,7:45 PM,7:45 PM,DET,NYI,,,,
Tue.,10/22/2024,8:00 PM,7:00 PM,WPG,STL,,,,
Tue.,10/22/2024,8:15 PM,7:15 PM,VAN,CHI,,,,
Tue.,10/22/2024,8:30 PM,7:30 PM,BOS,NSH,,,,
Tue.,10/22/2024,8:45 PM,6:45 PM,PIT,CGY,,,,
Tue.,10/22/2024,9:00 PM,7:00 PM,CAR,EDM,,,,
Tue.,10/22/2024,9:15 PM,7:15 PM,OTT,UTA,,,,
Tue.,10/22/2024,9:45 PM,6:45 PM,SJS,ANA,,,,
Tue.,10/22/2024,10:30 PM,7:30 PM,COL,SEA,,,,
Tue.,10/22/2024,11:00 PM,8:00 PM,LAK,VEG,,,,
Wed.,10/23/2024,7:30 PM,7:30 PM,PHI,WSH,,,,
Thu.,10/24/2024,7:00 PM,7:00 PM,DAL,BOS,,,,
Thu.,10/24/2024,7:00 PM,7:00 PM,STL,TOR,,,,
Thu.,10/24/2024,7:00 PM,7:00 PM,NJD,DET,,,,
Thu.,10/24/2024,7:00 PM,7:00 PM,MIN,TBL,,,,
Thu.,10/24/2024,7:00 PM,7:00 PM,FLA,NYR,,,,
Thu.,10/24/2024,9:00 PM,7:00 PM,CAR,CGY,,,,
Thu.,10/24/2024,9:00 PM,7:00 PM,COL,UTA,,,,
Thu.,10/24/2024,10:00 PM,7:00 PM,WPG,SEA,,,,
Thu.,10/24/2024,10:30 PM,7:30 PM,SJS,LAK,,,,
Fri.,10/25/2024,6:00 PM,3:00 PM,OTT,VEG,,,,
Fri.,10/25/2024,7:00 PM,7:00 PM,NYI,NJD,,,,
Fri.,10/25/2024,8:30 PM,7:30 PM,NSH,CHI,,,,
Fri.,10/25/2024,9:00 PM,7:00 PM,PIT,EDM,,,,
Sat.,10/26/2024,1:00 PM,1:00 PM,DET,BUF,,,,
Sat.,10/26/2024,1:00 PM,1:00 PM,MIN,PHI,,,,
Sat.,10/26/2024,4:00 PM,1:00 PM,UTA,LAK,,,,
Sat.,10/26/2024,7:00 PM,7:00 PM,TOR,BOS,,,,
Sat.,10/26/2024,7:00 PM,7:00 PM,STL,MON,,,,
Sat.,10/26/2024,7:00 PM,7:00 PM,WSH,TBL,,,,
Sat.,10/26/2024,7:00 PM,7:00 PM,ANA,NYR,,,,
Sat.,10/26/2024,7:00 PM,5:00 PM,WPG,CGY,,,,
Sat.,10/26/2024,7:30 PM,7:30 PM,FLA,NYI,,,,
Sat.,10/26/2024,8:00 PM,7:00 PM,CBJ,NSH,,,,
Sat.,10/26/2024,8:00 PM,7:00 PM,CHI,DAL,,,,
Sat.,10/26/2024,10:00 PM,7:00 PM,PIT,VAN,,,,
Sat.,10/26/2024,10:00 PM,7:00 PM,SJS,VEG,,,,
Sat.,10/26/2024,10:00 PM,7:00 PM,CAR,SEA,,,,
Sun.,10/27/2024,6:00 PM,6:00 PM,EDM,DET,,,,
Sun.,10/27/2024,7:00 PM,7:00 PM,ANA,NJD,,,,
Sun.,10/27/2024,7:00 PM,7:00 PM,MON,PHI,,,,
Sun.,10/27/2024,9:00 PM,7:00 PM,OTT,COL,,,,
Mon.,10/28/2024,7:00 PM,7:00 PM,FLA,BUF,,,,
Mon.,10/28/2024,7:00 PM,7:00 PM,NSH,TBL,,,,
Mon.,10/28/2024,7:00 PM,7:00 PM,EDM,CBJ,,,,
Mon.,10/28/2024,7:30 PM,6:30 PM,TOR,WPG,,,,
Mon.,10/28/2024,9:00 PM,7:00 PM,CHI,COL,,,,
Mon.,10/28/2024,9:00 PM,7:00 PM,SJS,UTA,,,,
Mon.,10/28/2024,10:00 PM,7:00 PM,CAR,VAN,,,,
Mon.,10/28/2024,10:00 PM,7:00 PM,CGY,VEG,,,,
Tue.,10/29/2024,7:00 PM,7:00 PM,PHI,BOS,,,,
Tue.,10/29/2024,7:00 PM,7:00 PM,SEA,MON,,,,
Tue.,10/29/2024,7:00 PM,7:00 PM,STL,OTT,,,,
Tue.,10/29/2024,7:00 PM,7:00 PM,NYR,WSH,,,,
Tue.,10/29/2024,7:00 PM,7:00 PM,ANA,NYI,,,,
Tue.,10/29/2024,7:30 PM,7:30 PM,MIN,PIT,,,,
Tue.,10/29/2024,10:00 PM,7:00 PM,LAK,SJS,,,,
Wed.,10/30/2024,7:00 PM,7:00 PM,NYI,CBJ,,,,
Wed.,10/30/2024,7:30 PM,7:30 PM,WPG,DET,,,,
Wed.,10/30/2024,9:00 PM,7:00 PM,TBL,COL,,,,
Wed.,10/30/2024,9:30 PM,7:30 PM,CGY,UTA,,,,
Wed.,10/30/2024,10:30 PM,7:30 PM,NJD,VAN,,,,
Wed.,10/30/2024,10:30 PM,7:30 PM,VEG,LAK,,,,
Thu.,10/31/2024,7:00 PM,7:00 PM,SEA,TOR,,,,
Thu.,10/31/2024,7:00 PM,7:00 PM,STL,PHI,,,,
Thu.,10/31/2024,7:00 PM,7:00 PM,ANA,PIT,,,,
Thu.,10/31/2024,7:00 PM,7:00 PM,MON,WSH,,,,
Thu.,10/31/2024,7:00 PM,7:00 PM,BOS,CAR,,,,
Thu.,10/31/2024,8:00 PM,7:00 PM,EDM,NSH,,,,
Thu.,10/31/2024,10:30 PM,7:30 PM,CHI,SJS,,,,
Fri.,11/1/2024,7:00 PM,7:00 PM,NYI,BUF,,,,
Fri.,11/1/2024,7:00 PM,7:00 PM,OTT,NYR,,,,
Fri.,11/1/2024,7:00 PM,7:00 PM,WPG,CBJ,,,,
Fri.,11/1/2024,8:00 PM,7:00 PM,TBL,MIN,,,,
Fri.,11/1/2024,1:00 PM,8:00 PM,FLA,DAL,,,,
Fri.,11/1/2024,9:00 PM,7:00 PM,NJD,CGY,,,,
Sat.,11/2/2024,1:00 PM,1:00 PM,BOS,PHI,,,,
Sat.,11/2/2024,4:00 PM,1:00 PM,CHI,LAK,,,,
Sat.,11/2/2024,5:00 PM,5:00 PM,CBJ,WSH,,,,
Sat.,11/2/2024,11:00 AM,6:00 PM,DAL,FLA,,,,
Sat.,11/2/2024,7:00 PM,7:00 PM,SEA,OTT,,,,
Sat.,11/2/2024,7:00 PM,7:00 PM,BUF,DET,,,,
Sat.,11/2/2024,7:00 PM,7:00 PM,MON,PIT,,,,
Sat.,11/2/2024,7:00 PM,6:00 PM,TOR,STL,,,,
Sat.,11/2/2024,8:00 PM,7:00 PM,COL,NSH,,,,
Sat.,11/2/2024,10:00 PM,7:00 PM,UTA,VEG,,,,
Sat.,11/2/2024,10:00 PM,7:00 PM,VAN,SJS,,,,
Sun.,11/3/2024,1:00 PM,1:00 PM,NYI,NYR,,,,
Sun.,11/3/2024,3:00 PM,2:00 PM,TBL,WPG,,,,
Sun.,11/3/2024,5:00 PM,5:00 PM,SEA,BOS,,,,
Sun.,11/3/2024,5:00 PM,5:00 PM,WSH,CAR,,,,
Sun.,11/3/2024,6:00 PM,5:00 PM,TOR,MIN,,,,
Sun.,11/3/2024,8:00 PM,6:00 PM,EDM,CGY,,,,
Sun.,11/3/2024,8:00 PM,5:00 PM,CHI,ANA,,,,
Mon.,11/4/2024,8:00 PM,7:00 PM,LAK,NSH,,,,
Mon.,11/4/2024,8:30 PM,6:30 PM,NJD,EDM,,,,
Tue.,11/5/2024,7:00 PM,7:00 PM,OTT,BUF,,,,
Tue.,11/5/2024,7:00 PM,7:00 PM,BOS,TOR,,,,
Tue.,11/5/2024,7:00 PM,7:00 PM,CGY,MON,,,,
Tue.,11/5/2024,7:00 PM,7:00 PM,PHI,CAR,,,,
Tue.,11/5/2024,7:30 PM,7:30 PM,PIT,NYI,,,,
Tue.,11/5/2024,8:00 PM,7:00 PM,TBL,STL,,,,
Tue.,11/5/2024,8:00 PM,7:00 PM,LAK,MIN,,,,
Tue.,11/5/2024,8:00 PM,7:00 PM,UTA,WPG,,,,
Tue.,11/5/2024,9:00 PM,7:00 PM,SEA,COL,,,,
Tue.,11/5/2024,10:00 PM,7:00 PM,VAN,ANA,,,,
Tue.,11/5/2024,10:30 PM,7:30 PM,CBJ,SJS,,,,
Wed.,11/6/2024,7:00 PM,7:00 PM,NSH,WSH,,,,
Wed.,11/6/2024,8:00 PM,7:00 PM,DET,CHI,,,,
Wed.,11/6/2024,8:30 PM,6:30 PM,VEG,EDM,,,,
Thu.,11/7/2024,7:00 PM,7:00 PM,CGY,BOS,,,,
Thu.,11/7/2024,7:00 PM,7:00 PM,NYI,OTT,,,,
Thu.,11/7/2024,7:00 PM,7:00 PM,PHI,TBL,,,,
Thu.,11/7/2024,7:00 PM,7:00 PM,NSH,FLA,,,,
Thu.,11/7/2024,7:00 PM,7:00 PM,MON,NJD,,,,
Thu.,11/7/2024,7:00 PM,7:00 PM,BUF,NYR,,,,
Thu.,11/7/2024,7:00 PM,7:00 PM,PIT,CAR,,,,
Thu.,11/7/2024,8:00 PM,7:00 PM,UTA,STL,,,,
Thu.,11/7/2024,8:00 PM,7:00 PM,CHI,DAL,,,,
Thu.,11/7/2024,8:00 PM,7:00 PM,COL,WPG,,,,
Thu.,11/7/2024,10:30 PM,7:30 PM,VAN,LAK,,,,
Thu.,11/7/2024,10:30 PM,7:30 PM,MIN,SJS,,,,
Fri.,11/8/2024,7:00 PM,7:00 PM,DET,TOR,,,,
Fri.,11/8/2024,7:00 PM,7:00 PM,PIT,WSH,,,,
Fri.,11/8/2024,10:00 PM,7:00 PM,MIN,ANA,,,,
Fri.,11/8/2024,10:00 PM,7:00 PM,VEG,SEA,,,,
Sat.,11/9/2024,1:00 PM,1:00 PM,CGY,BUF,,,,
Sat.,11/9/2024,6:00 PM,6:00 PM,PHI,FLA,,,,
Sat.,11/9/2024,7:00 PM,7:00 PM,OTT,BOS,,,,
Sat.,11/9/2024,7:00 PM,7:00 PM,MON,TOR,,,,
Sat.,11/9/2024,7:00 PM,7:00 PM,NYR,DET,,,,
Sat.,11/9/2024,7:00 PM,6:00 PM,WSH,STL,,,,
Sat.,11/9/2024,7:00 PM,6:00 PM,DAL,WPG,,,,
Sat.,11/9/2024,7:30 PM,7:30 PM,NJD,NYI,,,,
Sat.,11/9/2024,8:00 PM,7:00 PM,UTA,NSH,,,,
Sat.,11/9/2024,9:00 PM,7:00 PM,CAR,COL,,,,
Sat.,11/9/2024,9:00 PM,6:00 PM,CBJ,LAK,,,,
Sat.,11/9/2024,10:00 PM,7:00 PM,EDM,VAN,,,,
Sun.,11/10/2024,7:00 PM,7:00 PM,SJS,NJD,,,,
Sun.,11/10/2024,7:00 PM,6:00 PM,MIN,CHI,,,,
Sun.,11/10/2024,8:00 PM,5:00 PM,CBJ,ANA,,,,
Mon.,11/11/2024,12:30 PM,12:30 PM,MON,BUF,,,,
Mon.,11/11/2024,7:00 PM,7:00 PM,SJS,PHI,,,,
Mon.,11/11/2024,7:00 PM,7:00 PM,DAL,PIT,,,,
Mon.,11/11/2024,8:30 PM,6:30 PM,LAK,CGY,,,,
Mon.,11/11/2024,9:00 PM,7:00 PM,NSH,COL,,,,
Mon.,11/11/2024,10:00 PM,7:00 PM,CAR,VEG,,,,
Tue.,11/12/2024,7:00 PM,7:00 PM,OTT,TOR,,,,
Tue.,11/12/2024,7:00 PM,7:00 PM,NJD,FLA,,,,
Tue.,11/12/2024,7:00 PM,7:00 PM,WPG,NYR,,,,
Tue.,11/12/2024,8:00 PM,7:00 PM,BOS,STL,,,,
Tue.,11/12/2024,9:00 PM,7:00 PM,NYI,EDM,,,,
Tue.,11/12/2024,10:00 PM,7:00 PM,CGY,VAN,,,,
Tue.,11/12/2024,10:00 PM,7:00 PM,CBJ,SEA,,,,
Wed.,11/13/2024,7:30 PM,7:30 PM,DET,PIT,,,,
Wed.,11/13/2024,7:30 PM,7:30 PM,TOR,WSH,,,,
Wed.,11/13/2024,9:00 PM,7:00 PM,CAR,UTA,,,,
Wed.,11/13/2024,10:00 PM,8:00 PM,LAK,COL,,,,
Wed.,11/13/2024,10:00 PM,7:00 PM,VEG,ANA,,,,
Thu.,11/14/2024,7:00 PM,7:00 PM,STL,BUF,,,,
Thu.,11/14/2024,7:00 PM,7:00 PM,PHI,OTT,,,,
Thu.,11/14/2024,7:00 PM,7:00 PM,WPG,TBL,,,,
Thu.,11/14/2024,7:00 PM,7:00 PM,NJD,FLA,,,,
Thu.,11/14/2024,7:00 PM,7:00 PM,SJS,NYR,,,,
Thu.,11/14/2024,8:00 PM,7:00 PM,BOS,DAL,,,,
Thu.,11/14/2024,8:00 PM,7:00 PM,MON,MIN,,,,
Thu.,11/14/2024,9:00 PM,7:00 PM,NSH,EDM,,,,
Thu.,11/14/2024,10:00 PM,7:00 PM,NYI,VAN,,,,
Thu.,11/14/2024,10:00 PM,7:00 PM,CHI,SEA,,,,
Fri.,11/15/2024,7:00 PM,7:00 PM,PIT,CBJ,,,,
Fri.,11/15/2024,9:00 PM,7:00 PM,WSH,COL,,,,
Fri.,11/15/2024,9:00 PM,7:00 PM,NSH,CGY,,,,
Fri.,11/15/2024,9:00 PM,7:00 PM,VEG,UTA,,,,
Fri.,11/15/2024,10:00 PM,7:00 PM,DET,ANA,,,,
Sat.,11/16/2024,1:00 PM,1:00 PM,STL,BOS,,,,
Sat.,11/16/2024,4:00 PM,1:00 PM,NYI,SEA,,,,
Sat.,11/16/2024,7:00 PM,7:00 PM,EDM,TOR,,,,
Sat.,11/16/2024,7:00 PM,7:00 PM,CBJ,MON,,,,
Sat.,11/16/2024,7:00 PM,7:00 PM,NJD,TBL,,,,
Sat.,11/16/2024,7:00 PM,7:00 PM,WPG,FLA,,,,
Sat.,11/16/2024,7:00 PM,7:00 PM,BUF,PHI,,,,
Sat.,11/16/2024,7:00 PM,7:00 PM,SJS,PIT,,,,
Sat.,11/16/2024,7:00 PM,7:00 PM,OTT,CAR,,,,
Sat.,11/16/2024,8:00 PM,7:00 PM,DAL,MIN,,,,
Sat.,11/16/2024,8:00 PM,5:00 PM,DET,LAK,,,,
Sat.,11/16/2024,10:00 PM,7:00 PM,CHI,VAN,,,,
Sun.,11/17/2024,5:00 PM,5:00 PM,STL,CAR,,,,
Sun.,11/17/2024,8:00 PM,5:00 PM,NSH,VAN,,,,
Sun.,11/17/2024,8:00 PM,5:00 PM,WSH,VEG,,,,
Sun.,11/17/2024,9:00 PM,6:00 PM,NYR,SEA,,,,
Mon.,11/18/2024,7:00 PM,7:00 PM,CBJ,BOS,,,,
Mon.,11/18/2024,7:00 PM,7:00 PM,COL,PHI,,,,
Mon.,11/18/2024,7:30 PM,7:30 PM,EDM,MON,,,,
Mon.,11/18/2024,8:00 PM,7:00 PM,ANA,DAL,,,,
Mon.,11/18/2024,9:00 PM,7:00 PM,WSH,UTA,,,,
Mon.,11/18/2024,10:30 PM,7:30 PM,DET,SJS,,,,
Tue.,11/19/2024,7:00 PM,7:00 PM,EDM,OTT,,,,
Tue.,11/19/2024,7:00 PM,7:00 PM,TBL,PIT,,,,
Tue.,11/19/2024,8:00 PM,7:00 PM,MIN,STL,,,,
Tue.,11/19/2024,8:00 PM,7:00 PM,FLA,WPG,,,,
Tue.,11/19/2024,8:30 PM,7:30 PM,ANA,CHI,,,,
Tue.,11/19/2024,9:00 PM,7:00 PM,NYI,CGY,,,,
Tue.,11/19/2024,10:00 PM,7:00 PM,NYR,VAN,,,,
Wed.,11/20/2024,7:30 PM,7:30 PM,VEG,TOR,,,,
Wed.,11/20/2024,7:30 PM,7:30 PM,CAR,PHI,,,,
Wed.,11/20/2024,8:00 PM,7:00 PM,SJS,DAL,,,,
Wed.,11/20/2024,10:00 PM,7:00 PM,NSH,SEA,,,,
Wed.,11/20/2024,10:30 PM,7:30 PM,BUF,LAK,,,,
Thu.,11/21/2024,7:00 PM,7:00 PM,UTA,BOS,,,,
Thu.,11/21/2024,7:00 PM,7:00 PM,VEG,OTT,,,,
Thu.,11/21/2024,7:00 PM,7:00 PM,NYI,DET,,,,
Thu.,11/21/2024,7:00 PM,7:00 PM,CAR,NJD,,,,
Thu.,11/21/2024,7:00 PM,7:00 PM,COL,WSH,,,,
Thu.,11/21/2024,7:00 PM,7:00 PM,TBL,CBJ,,,,
Thu.,11/21/2024,8:00 PM,7:00 PM,SJS,STL,,,,
Thu.,11/21/2024,8:30 PM,7:30 PM,FLA,CHI,,,,
Thu.,11/21/2024,9:00 PM,7:00 PM,NYR,CGY,,,,
Thu.,11/21/2024,9:00 PM,7:00 PM,MIN,EDM,,,,
Fri.,11/22/2024,7:00 PM,7:00 PM,WPG,PIT,,,,
Fri.,11/22/2024,10:00 PM,7:00 PM,BUF,ANA,,,,
Sat.,11/23/2024,1:00 PM,1:00 PM,CHI,PHI,,,,
Sat.,11/23/2024,4:00 PM,2:00 PM,MIN,CGY,,,,
Sat.,11/23/2024,4:00 PM,1:00 PM,SEA,LAK,,,,
Sat.,11/23/2024,6:00 PM,6:00 PM,COL,FLA,,,,
Sat.,11/23/2024,7:00 PM,7:00 PM,VEG,MON,,,,
Sat.,11/23/2024,7:00 PM,7:00 PM,VAN,OTT,,,,
Sat.,11/23/2024,7:00 PM,7:00 PM,BOS,DET,,,,
Sat.,11/23/2024,7:00 PM,7:00 PM,DAL,TBL,,,,
Sat.,11/23/2024,7:00 PM,7:00 PM,UTA,PIT,,,,
Sat.,11/23/2024,7:00 PM,7:00 PM,NJD,WSH,,,,
Sat.,11/23/2024,7:00 PM,7:00 PM,CAR,CBJ,,,,
Sat.,11/23/2024,7:00 PM,6:00 PM,WPG,NSH,,,,
Sat.,11/23/2024,7:30 PM,7:30 PM,STL,NYI,,,,
Sat.,11/23/2024,8:00 PM,5:00 PM,BUF,SJS,,,,
Sat.,11/23/2024,10:00 PM,8:00 PM,NYR,EDM,,,,
Sun.,11/24/2024,7:00 PM,7:00 PM,UTA,TOR,,,,
Mon.,11/25/2024,7:00 PM,7:00 PM,COL,TBL,,,,
Mon.,11/25/2024,7:00 PM,7:00 PM,WSH,FLA,,,,
Mon.,11/25/2024,7:00 PM,7:00 PM,NSH,NJD,,,,
Mon.,11/25/2024,7:00 PM,7:00 PM,STL,NYR,,,,
Mon.,11/25/2024,7:00 PM,7:00 PM,VEG,PHI,,,,
Mon.,11/25/2024,7:00 PM,7:00 PM,DAL,CAR,,,,
Mon.,11/25/2024,7:30 PM,7:30 PM,CGY,OTT,,,,
Mon.,11/25/2024,7:30 PM,7:30 PM,DET,NYI,,,,
Mon.,11/25/2024,8:00 PM,7:00 PM,WPG,MIN,,,,
Mon.,11/25/2024,10:00 PM,7:00 PM,SEA,ANA,,,,
Mon.,11/25/2024,10:30 PM,7:30 PM,LAK,SJS,,,,
Tue.,11/26/2024,7:00 PM,7:00 PM,VAN,BOS,,,,
Tue.,11/26/2024,7:00 PM,7:00 PM,UTA,MON,,,,
Wed.,11/27/2024,7:00 PM,7:00 PM,MIN,BUF,,,,
Wed.,11/27/2024,7:00 PM,7:00 PM,STL,NJD,,,,
Wed.,11/27/2024,7:00 PM,7:00 PM,NYR,CAR,,,,
Wed.,11/27/2024,7:30 PM,7:30 PM,CGY,DET,,,,
Wed.,11/27/2024,7:30 PM,7:30 PM,WSH,TBL,,,,
Wed.,11/27/2024,7:30 PM,7:30 PM,TOR,FLA,,,,
Wed.,11/27/2024,7:30 PM,7:30 PM,BOS,NYI,,,,
Wed.,11/27/2024,7:30 PM,7:30 PM,VAN,PIT,,,,
Wed.,11/27/2024,7:30 PM,7:30 PM,MON,CBJ,,,,
Wed.,11/27/2024,8:00 PM,7:00 PM,PHI,NSH,,,,
Wed.,11/27/2024,8:30 PM,7:30 PM,DAL,CHI,,,,
Wed.,11/27/2024,10:00 PM,8:00 PM,VEG,COL,,,,
Wed.,11/27/2024,10:00 PM,7:00 PM,WPG,LAK,,,,
Wed.,11/27/2024,10:00 PM,7:00 PM,ANA,SEA,,,,
Wed.,11/27/2024,10:30 PM,7:30 PM,OTT,SJS,,,,
Fri.,11/29/2024,1:00 PM,1:00 PM,NYR,PHI,,,,
Fri.,11/29/2024,2:00 PM,1:00 PM,CHI,MIN,,,,
Fri.,11/29/2024,3:00 PM,3:00 PM,VAN,BUF,,,,
Fri.,11/29/2024,3:00 PM,3:00 PM,NJD,DET,,,,
Fri.,11/29/2024,3:00 PM,3:00 PM,NYI,WSH,,,,
Fri.,11/29/2024,3:00 PM,3:00 PM,FLA,CAR,,,,
Fri.,11/29/2024,3:00 PM,3:00 PM,CGY,CBJ,,,,
Fri.,11/29/2024,3:00 PM,2:00 PM,TBL,NSH,,,,
Fri.,11/29/2024,3:30 PM,12:30 PM,LAK,ANA,,,,
Fri.,11/29/2024,3:30 PM,12:30 PM,SEA,SJS,,,,
Fri.,11/29/2024,6:00 PM,6:00 PM,PIT,BOS,,,,
Fri.,11/29/2024,8:30 PM,7:30 PM,COL,DAL,,,,
Fri.,11/29/2024,8:30 PM,5:30 PM,WPG,VEG,,,,
Fri.,11/29/2024,9:00 PM,7:00 PM,EDM,UTA,,,,
Sat.,11/30/2024,1:00 PM,1:00 PM,MON,NYR,,,,
Sat.,11/30/2024,4:00 PM,4:00 PM,CAR,FLA,,,,
Sat.,11/30/2024,7:00 PM,7:00 PM,TOR,TBL,,,,
Sat.,11/30/2024,7:00 PM,7:00 PM,WSH,NJD,,,,
Sat.,11/30/2024,7:00 PM,7:00 PM,CGY,PIT,,,,
Sat.,11/30/2024,7:00 PM,6:00 PM,PHI,STL,,,,
Sat.,11/30/2024,7:00 PM,4:00 PM,OTT,LAK,,,,
Sat.,11/30/2024,7:30 PM,7:30 PM,BUF,NYI,,,,
Sat.,11/30/2024,8:00 PM,7:00 PM,NSH,MIN,,,,
Sat.,11/30/2024,10:00 PM,8:00 PM,EDM,COL,,,,
Sat.,11/30/2024,10:00 PM,7:00 PM,UTA,VEG,,,,
Sat.,11/30/2024,10:00 PM,7:00 PM,SJS,SEA,,,,
Sun.,12/1/2024,12:30 PM,12:30 PM,VAN,DET,,,,
Sun.,12/1/2024,3:00 PM,3:00 PM,MON,BOS,,,,
Sun.,12/1/2024,3:00 PM,2:00 PM,CBJ,CHI,,,,
Sun.,12/1/2024,4:30 PM,3:30 PM,WPG,DAL,,,,
Sun.,12/1/2024,8:00 PM,5:00 PM,OTT,ANA,,,,
Mon.,12/2/2024,7:00 PM,7:00 PM,NJD,NYR,,,,
Mon.,12/2/2024,7:30 PM,7:30 PM,CHI,TOR,,,,
Mon.,12/2/2024,9:00 PM,7:00 PM,DAL,UTA,,,,
Tue.,12/3/2024,7:00 PM,7:00 PM,DET,BOS,,,,
Tue.,12/3/2024,7:00 PM,7:00 PM,COL,BUF,,,,
Tue.,12/3/2024,7:00 PM,7:00 PM,NYI,MON,,,,
Tue.,12/3/2024,7:00 PM,7:00 PM,FLA,PIT,,,,
Tue.,12/3/2024,7:00 PM,7:00 PM,SJS,WSH,,,,
Tue.,12/3/2024,7:00 PM,7:00 PM,SEA,CAR,,,,
Tue.,12/3/2024,8:00 PM,7:00 PM,VAN,MIN,,,,
Tue.,12/3/2024,8:00 PM,7:00 PM,STL,WPG,,,,
Tue.,12/3/2024,9:00 PM,7:00 PM,CBJ,CGY,,,,
Tue.,12/3/2024,10:00 PM,7:00 PM,EDM,VEG,,,,
Wed.,12/4/2024,7:30 PM,7:30 PM,NSH,TOR,,,,
Wed.,12/4/2024,7:30 PM,6:30 PM,BOS,CHI,,,,
Wed.,12/4/2024,10:00 PM,7:00 PM,VEG,ANA,,,,
Wed.,12/4/2024,10:00 PM,7:00 PM,DAL,LAK,,,,
Thu.,12/5/2024,7:00 PM,7:00 PM,WPG,BUF,,,,
Thu.,12/5/2024,7:00 PM,7:00 PM,NSH,MON,,,,
Thu.,12/5/2024,7:00 PM,7:00 PM,DET,OTT,,,,
Thu.,12/5/2024,7:00 PM,7:00 PM,SJS,TBL,,,,
Thu.,12/5/2024,7:00 PM,7:00 PM,FLA,PHI,,,,
Thu.,12/5/2024,7:00 PM,7:00 PM,COL,CAR,,,,
Thu.,12/5/2024,7:30 PM,7:30 PM,SEA,NYI,,,,
Thu.,12/5/2024,9:00 PM,7:00 PM,STL,CGY,,,,
Thu.,12/5/2024,9:00 PM,7:00 PM,CBJ,EDM,,,,
Fri.,12/6/2024,7:00 PM,7:00 PM,WSH,TOR,,,,
Fri.,12/6/2024,7:00 PM,7:00 PM,SEA,NJD,,,,
Fri.,12/6/2024,7:00 PM,7:00 PM,PIT,NYR,,,,
Fri.,12/6/2024,10:00 PM,7:00 PM,CBJ,VAN,,,,
Fri.,12/6/2024,10:00 PM,7:00 PM,DAL,VEG,,,,
Fri.,12/6/2024,10:00 PM,7:00 PM,MIN,ANA,,,,
Sat.,12/7/2024,1:00 PM,1:00 PM,PHI,BOS,,,,
Sat.,12/7/2024,1:00 PM,1:00 PM,UTA,BUF,,,,
Sat.,12/7/2024,4:00 PM,3:00 PM,WPG,CHI,,,,
Sat.,12/7/2024,5:00 PM,5:00 PM,CAR,NYI,,,,
Sat.,12/7/2024,6:00 PM,6:00 PM,SJS,FLA,,,,
Sat.,12/7/2024,7:00 PM,7:00 PM,WSH,MON,,,,
Sat.,12/7/2024,7:00 PM,7:00 PM,NSH,OTT,,,,
Sat.,12/7/2024,7:00 PM,7:00 PM,COL,DET,,,,
Sat.,12/7/2024,7:00 PM,7:00 PM,TOR,PIT,,,,
Sat.,12/7/2024,8:00 PM,5:00 PM,MIN,LAK,,,,
Sat.,12/7/2024,10:00 PM,8:00 PM,STL,EDM,,,,
Sun.,12/8/2024,1:00 PM,1:00 PM,SEA,NYR,,,,
Sun.,12/8/2024,4:00 PM,1:00 PM,TBL,VAN,,,,
Sun.,12/8/2024,5:30 PM,5:30 PM,NYI,OTT,,,,
Sun.,12/8/2024,6:00 PM,5:00 PM,CBJ,WPG,,,,
Sun.,12/8/2024,7:00 PM,7:00 PM,COL,NJD,,,,
Sun.,12/8/2024,7:00 PM,7:00 PM,UTA,PHI,,,,
Sun.,12/8/2024,8:00 PM,7:00 PM,CGY,DAL,,,,
Mon.,12/9/2024,7:00 PM,7:00 PM,DET,BUF,,,,
Mon.,12/9/2024,7:00 PM,7:00 PM,CHI,NYR,,,,
Mon.,12/9/2024,7:30 PM,7:30 PM,ANA,MON,,,,
Tue.,12/10/2024,7:00 PM,7:00 PM,TOR,NJD,,,,
Tue.,12/10/2024,7:00 PM,7:00 PM,COL,PIT,,,,
Tue.,12/10/2024,7:00 PM,7:00 PM,SJS,CAR,,,,
Tue.,12/10/2024,7:00 PM,7:00 PM,PHI,CBJ,,,,
Tue.,12/10/2024,7:30 PM,7:30 PM,LAK,NYI,,,,
Tue.,12/10/2024,8:00 PM,7:00 PM,CGY,NSH,,,,
Tue.,12/10/2024,8:00 PM,7:00 PM,BOS,WPG,,,,
Tue.,12/10/2024,9:00 PM,7:00 PM,TBL,EDM,,,,
Tue.,12/10/2024,9:00 PM,7:00 PM,MIN,UTA,,,,
Tue.,12/10/2024,10:00 PM,7:00 PM,STL,VAN,,,,
Tue.,12/10/2024,10:00 PM,7:00 PM,FLA,SEA,,,,
Wed.,12/11/2024,7:30 PM,7:30 PM,NYR,BUF,,,,
Wed.,12/11/2024,7:30 PM,7:30 PM,ANA,OTT,,,,
Thu.,12/12/2024,7:00 PM,7:00 PM,ANA,TOR,,,,
Thu.,12/12/2024,7:00 PM,7:00 PM,PIT,MON,,,,
Thu.,12/12/2024,7:00 PM,7:00 PM,LAK,NJD,,,,
Thu.,12/12/2024,7:00 PM,7:00 PM,DET,PHI,,,,
Thu.,12/12/2024,7:00 PM,7:00 PM,WSH,CBJ,,,,
Thu.,12/12/2024,7:30 PM,7:30 PM,CHI,NYI,,,,
Thu.,12/12/2024,8:00 PM,7:00 PM,SJS,STL,,,,
Thu.,12/12/2024,8:00 PM,7:00 PM,NSH,DAL,,,,
Thu.,12/12/2024,8:00 PM,7:00 PM,EDM,MIN,,,,
Thu.,12/12/2024,8:00 PM,7:00 PM,VEG,WPG,,,,
Thu.,12/12/2024,9:00 PM,7:00 PM,UTA,COL,,,,
Thu.,12/12/2024,9:00 PM,7:00 PM,TBL,CGY,,,,
Thu.,12/12/2024,10:00 PM,7:00 PM,FLA,VAN,,,,
Thu.,12/12/2024,10:00 PM,7:00 PM,BOS,SEA,,,,
Fri.,12/13/2024,7:00 PM,7:00 PM,OTT,CAR,,,,
Sat.,12/14/2024,1:00 PM,1:00 PM,CHI,NJD,,,,
Sat.,12/14/2024,1:00 PM,1:00 PM,LAK,NYR,,,,
Sat.,12/14/2024,2:00 PM,1:00 PM,PHI,MIN,,,,
Sat.,12/14/2024,4:00 PM,2:00 PM,VEG,EDM,,,,
Sat.,12/14/2024,7:00 PM,7:00 PM,PIT,OTT,,,,
Sat.,12/14/2024,7:00 PM,7:00 PM,TOR,DET,,,,
Sat.,12/14/2024,7:00 PM,7:00 PM,BUF,WSH,,,,
Sat.,12/14/2024,7:00 PM,7:00 PM,ANA,CBJ,,,,
Sat.,12/14/2024,7:00 PM,6:00 PM,MON,WPG,,,,
Sat.,12/14/2024,8:00 PM,7:00 PM,STL,DAL,,,,
Sat.,12/14/2024,9:00 PM,7:00 PM,NSH,COL,,,,
Sat.,12/14/2024,10:00 PM,8:00 PM,FLA,CGY,,,,
Sat.,12/14/2024,10:00 PM,7:00 PM,BOS,VAN,,,,
Sat.,12/14/2024,10:00 PM,7:00 PM,UTA,SJS,,,,
Sat.,12/14/2024,10:00 PM,7:00 PM,TBL,SEA,,,,
Sun.,12/15/2024,3:00 PM,2:00 PM,NYI,CHI,,,,
Sun.,12/15/2024,5:00 PM,5:00 PM,BUF,TOR,,,,
Sun.,12/15/2024,5:00 PM,5:00 PM,CBJ,CAR,,,,
Sun.,12/15/2024,6:00 PM,5:00 PM,NYR,STL,,,,
Sun.,12/15/2024,6:00 PM,5:00 PM,VEG,MIN,,,,
Mon.,12/16/2024,8:00 PM,7:00 PM,WSH,DAL,,,,
Mon.,12/16/2024,8:30 PM,6:30 PM,FLA,EDM,,,,
Mon.,12/16/2024,10:30 PM,7:30 PM,COL,VAN,,,,
Tue.,12/17/2024,7:00 PM,7:00 PM,BUF,MON,,,,
Tue.,12/17/2024,7:00 PM,7:00 PM,CBJ,TBL,,,,
Tue.,12/17/2024,7:00 PM,7:00 PM,LAK,PIT,,,,
Tue.,12/17/2024,7:00 PM,7:00 PM,NYI,CAR,,,,
Tue.,12/17/2024,8:00 PM,7:00 PM,NJD,STL,,,,
Tue.,12/17/2024,8:00 PM,7:00 PM,NYR,NSH,,,,
Tue.,12/17/2024,8:30 PM,7:30 PM,WSH,CHI,,,,
Tue.,12/17/2024,9:00 PM,7:00 PM,BOS,CGY,,,,
Tue.,12/17/2024,10:00 PM,7:00 PM,OTT,SEA,,,,
Tue.,12/17/2024,10:30 PM,7:30 PM,WPG,SJS,,,,
Wed.,12/18/2024,7:00 PM,7:00 PM,PHI,DET,,,,
Wed.,12/18/2024,7:30 PM,6:30 PM,TOR,DAL,,,,
Wed.,12/18/2024,9:30 PM,8:30 PM,FLA,MIN,,,,
Wed.,12/18/2024,10:00 PM,8:00 PM,VAN,UTA,,,,
Wed.,12/18/2024,10:00 PM,7:00 PM,WPG,ANA,,,,
Thu.,12/19/2024,7:00 PM,7:00 PM,STL,TBL,,,,
Thu.,12/19/2024,7:00 PM,7:00 PM,LAK,PHI,,,,
Thu.,12/19/2024,7:00 PM,7:00 PM,NJD,CBJ,,,,
Thu.,12/19/2024,8:00 PM,7:00 PM,PIT,NSH,,,,
Thu.,12/19/2024,8:30 PM,7:30 PM,SEA,CHI,,,,
Thu.,12/19/2024,9:00 PM,7:00 PM,OTT,CGY,,,,
Thu.,12/19/2024,9:00 PM,7:00 PM,BOS,EDM,,,,
Thu.,12/19/2024,10:00 PM,7:00 PM,VAN,VEG,,,,
Thu.,12/19/2024,10:30 PM,7:30 PM,COL,SJS,,,,
Fri.,12/20/2024,7:00 PM,7:00 PM,TOR,BUF,,,,
Fri.,12/20/2024,7:00 PM,7:00 PM,MON,DET,,,,
Fri.,12/20/2024,7:00 PM,7:00 PM,STL,FLA,,,,
Fri.,12/20/2024,7:00 PM,7:00 PM,CAR,WSH,,,,
Fri.,12/20/2024,8:00 PM,7:00 PM,NYR,DAL,,,,
Fri.,12/20/2024,8:00 PM,7:00 PM,UTA,MIN,,,,
Fri.,12/20/2024,10:00 PM,7:00 PM,COL,ANA,,,,
Sat.,12/21/2024,1:30 PM,12:30 PM,LAK,NSH,,,,
Sat.,12/21/2024,4:00 PM,2:00 PM,CHI,CGY,,,,
Sat.,12/21/2024,4:00 PM,2:00 PM,SJS,EDM,,,,
Sat.,12/21/2024,7:00 PM,7:00 PM,BUF,BOS,,,,
Sat.,12/21/2024,7:00 PM,7:00 PM,NYI,TOR,,,,
Sat.,12/21/2024,7:00 PM,7:00 PM,DET,MON,,,,
Sat.,12/21/2024,7:00 PM,7:00 PM,PIT,NJD,,,,
Sat.,12/21/2024,7:00 PM,7:00 PM,CBJ,PHI,,,,
Sat.,12/21/2024,7:00 PM,6:00 PM,MIN,WPG,,,,
Sat.,12/21/2024,10:00 PM,7:00 PM,OTT,VAN,,,,
Sat.,12/21/2024,10:00 PM,7:00 PM,SEA,VEG,,,,
Sun.,12/22/2024,12:30 PM,12:30 PM,CAR,NYR,,,,
Sun.,12/22/2024,5:00 PM,5:00 PM,FLA,TBL,,,,
Sun.,12/22/2024,5:00 PM,5:00 PM,LAK,WSH,,,,
Sun.,12/22/2024,5:00 PM,3:00 PM,ANA,UTA,,,,
Sun.,12/22/2024,8:00 PM,6:00 PM,SEA,COL,,,,
Sun.,12/22/2024,8:00 PM,6:00 PM,OTT,EDM,,,,
Mon.,12/23/2024,1:00 PM,1:00 PM,NYR,NJD,,,,
Mon.,12/23/2024,2:00 PM,2:00 PM,WPG,TOR,,,,
Mon.,12/23/2024,7:00 PM,7:00 PM,WSH,BOS,,,,
Mon.,12/23/2024,7:00 PM,7:00 PM,STL,DET,,,,
Mon.,12/23/2024,7:00 PM,7:00 PM,TBL,FLA,,,,
Mon.,12/23/2024,7:00 PM,7:00 PM,PHI,PIT,,,,
Mon.,12/23/2024,7:00 PM,7:00 PM,MON,CBJ,,,,
Mon.,12/23/2024,7:30 PM,7:30 PM,BUF,NYI,,,,
Mon.,12/23/2024,8:00 PM,7:00 PM,CAR,NSH,,,,
Mon.,12/23/2024,8:00 PM,7:00 PM,CHI,MIN,,,,
Mon.,12/23/2024,9:00 PM,6:00 PM,SJS,VAN,,,,
Mon.,12/23/2024,9:00 PM,7:00 PM,DAL,UTA,,,,
Mon.,12/23/2024,10:00 PM,7:00 PM,ANA,VEG,,,,
Fri.,12/27/2024,7:00 PM,7:00 PM,CHI,BUF,,,,
Fri.,12/27/2024,7:00 PM,7:00 PM,TOR,DET,,,,
Fri.,12/27/2024,7:00 PM,7:00 PM,CAR,NJD,,,,
Fri.,12/27/2024,7:00 PM,7:00 PM,BOS,CBJ,,,,
Fri.,12/27/2024,8:00 PM,7:00 PM,NSH,STL,,,,
Fri.,12/27/2024,8:00 PM,7:00 PM,MIN,DAL,,,,
Fri.,12/27/2024,9:00 PM,7:00 PM,COL,UTA,,,,
Fri.,12/27/2024,10:30 PM,7:30 PM,VEG,SJS,,,,
Sat.,12/28/2024,1:00 PM,1:00 PM,MON,FLA,,,,
Sat.,12/28/2024,4:00 PM,1:00 PM,SEA,VAN,,,,
Sat.,12/28/2024,4:00 PM,1:00 PM,PHI,ANA,,,,
Sat.,12/28/2024,4:00 PM,1:00 PM,EDM,LAK,,,,
Sat.,12/28/2024,7:00 PM,7:00 PM,CBJ,BOS,,,,
Sat.,12/28/2024,7:00 PM,7:00 PM,WSH,TOR,,,,
Sat.,12/28/2024,7:00 PM,7:00 PM,NYR,TBL,,,,
Sat.,12/28/2024,7:00 PM,7:00 PM,NJD,CAR,,,,
Sat.,12/28/2024,7:00 PM,6:00 PM,OTT,WPG,,,,
Sat.,12/28/2024,7:30 PM,7:30 PM,PIT,NYI,,,,
Sat.,12/28/2024,10:00 PM,7:00 PM,CGY,SJS,,,,
Sun.,12/29/2024,3:00 PM,2:00 PM,DAL,CHI,,,,
Sun.,12/29/2024,4:00 PM,1:00 PM,EDM,ANA,,,,
Sun.,12/29/2024,5:00 PM,5:00 PM,WSH,DET,,,,
Sun.,12/29/2024,5:00 PM,5:00 PM,MON,TBL,,,,
Sun.,12/29/2024,5:30 PM,5:30 PM,NYI,PIT,,,,
Sun.,12/29/2024,6:00 PM,5:00 PM,BUF,STL,,,,
Sun.,12/29/2024,8:00 PM,7:00 PM,OTT,MIN,,,,
Sun.,12/29/2024,8:00 PM,5:00 PM,CGY,VEG,,,,
Sun.,12/29/2024,9:00 PM,6:00 PM,PHI,LAK,,,,
Mon.,12/30/2024,7:00 PM,7:00 PM,NYR,FLA,,,,
Mon.,12/30/2024,7:30 PM,6:30 PM,NSH,WPG,,,,
Mon.,12/30/2024,8:00 PM,5:00 PM,UTA,SEA,,,,
Tue.,12/31/2024,12:30 PM,12:30 PM,BOS,WSH,,,,
Tue.,12/31/2024,1:00 PM,1:00 PM,NYI,TOR,,,,
Tue.,12/31/2024,3:00 PM,12:00 PM,MON,VEG,,,,
Tue.,12/31/2024,5:00 PM,4:00 PM,STL,CHI,,,,
Tue.,12/31/2024,8:00 PM,8:00 PM,PIT,DET,,,,
Tue.,12/31/2024,8:00 PM,8:00 PM,CAR,CBJ,,,,
Tue.,12/31/2024,8:00 PM,7:00 PM,BUF,DAL,,,,
Tue.,12/31/2024,8:00 PM,7:00 PM,NSH,MIN,,,,
Tue.,12/31/2024,8:00 PM,6:00 PM,WPG,COL,,,,
Tue.,12/31/2024,8:00 PM,5:00 PM,NJD,ANA,,,,
Tue.,12/31/2024,8:00 PM,5:00 PM,PHI,SJS,,,,
Tue.,12/31/2024,9:00 PM,7:00 PM,VAN,CGY,,,,
Tue.,12/31/2024,9:00 PM,7:00 PM,UTA,EDM,,,,
Wed.,1/1/2025,6:00 PM,3:00 PM,NJD,LAK,,,,
Thu.,1/2/2025,7:00 PM,7:00 PM,CAR,FLA,,,,
Thu.,1/2/2025,7:00 PM,7:00 PM,BOS,NYR,,,,
Thu.,1/2/2025,7:00 PM,7:00 PM,MIN,WSH,,,,
Thu.,1/2/2025,7:00 PM,7:00 PM,DET,CBJ,,,,
Thu.,1/2/2025,7:30 PM,7:30 PM,TOR,NYI,,,,
Thu.,1/2/2025,8:00 PM,7:00 PM,OTT,DAL,,,,
Thu.,1/2/2025,8:00 PM,7:00 PM,ANA,WPG,,,,
Thu.,1/2/2025,9:00 PM,7:00 PM,BUF,COL,,,,
Thu.,1/2/2025,9:00 PM,7:00 PM,UTA,CGY,,,,
Thu.,1/2/2025,10:00 PM,7:00 PM,PHI,VEG,,,,
Thu.,1/2/2025,10:00 PM,7:00 PM,VAN,SEA,,,,
Thu.,1/2/2025,10:30 PM,7:30 PM,TBL,SJS,,,,
Fri.,1/3/2025,7:00 PM,7:00 PM,PIT,FLA,,,,
Fri.,1/3/2025,8:00 PM,7:00 PM,MON,CHI,,,,
Fri.,1/3/2025,8:00 PM,7:00 PM,OTT,STL,,,,
Fri.,1/3/2025,9:00 PM,7:00 PM,ANA,EDM,,,,
Fri.,1/3/2025,9:00 PM,6:00 PM,NSH,VAN,,,,
Sat.,1/4/2025,12:00 PM,12:00 PM,NYR,WSH,,,,
Sat.,1/4/2025,3:00 PM,2:00 PM,DET,WPG,,,,
Sat.,1/4/2025,4:00 PM,1:00 PM,NJD,SJS,,,,
Sat.,1/4/2025,7:00 PM,7:00 PM,BOS,TOR,,,,
Sat.,1/4/2025,7:00 PM,7:00 PM,MIN,CAR,,,,
Sat.,1/4/2025,7:00 PM,7:00 PM,STL,CBJ,,,,
Sat.,1/4/2025,7:00 PM,5:00 PM,MON,COL,,,,
Sat.,1/4/2025,7:00 PM,5:00 PM,NSH,CGY,,,,
Sat.,1/4/2025,8:00 PM,7:00 PM,UTA,DAL,,,,
Sat.,1/4/2025,9:00 PM,6:00 PM,TBL,LAK,,,,
Sat.,1/4/2025,10:00 PM,7:00 PM,BUF,VEG,,,,
Sat.,1/4/2025,10:00 PM,7:00 PM,EDM,SEA,,,,
Sun.,1/5/2025,3:00 PM,2:00 PM,NYR,CHI,,,,
Sun.,1/5/2025,6:00 PM,6:00 PM,NYI,BOS,,,,
Sun.,1/5/2025,6:00 PM,6:00 PM,PIT,CAR,,,,
Sun.,1/5/2025,7:00 PM,7:00 PM,PHI,TOR,,,,
Sun.,1/5/2025,8:00 PM,5:00 PM,TBL,ANA,,,,
Mon.,1/6/2025,7:00 PM,7:00 PM,WSH,BUF,,,,
Mon.,1/6/2025,7:30 PM,7:30 PM,VAN,MON,,,,
Mon.,1/6/2025,9:00 PM,7:00 PM,FLA,COL,,,,
Mon.,1/6/2025,10:00 PM,7:00 PM,NJD,SEA,,,,
Tue.,1/7/2025,7:00 PM,7:00 PM,EDM,BOS,,,,
Tue.,1/7/2025,7:00 PM,7:00 PM,OTT,DET,,,,
Tue.,1/7/2025,7:00 PM,7:00 PM,DAL,NYR,,,,
Tue.,1/7/2025,7:00 PM,7:00 PM,TOR,PHI,,,,
Tue.,1/7/2025,7:00 PM,7:00 PM,CBJ,PIT,,,,
Tue.,1/7/2025,8:00 PM,7:00 PM,STL,MIN,,,,
Tue.,1/7/2025,8:00 PM,7:00 PM,NSH,WPG,,,,
Tue.,1/7/2025,10:00 PM,7:00 PM,CGY,ANA,,,,
Tue.,1/7/2025,10:30 PM,7:30 PM,VEG,SJS,,,,
Wed.,1/8/2025,7:30 PM,7:30 PM,VAN,WSH,,,,
Wed.,1/8/2025,7:30 PM,6:30 PM,COL,CHI,,,,
Wed.,1/8/2025,10:00 PM,8:00 PM,FLA,UTA,,,,
Wed.,1/8/2025,10:30 PM,7:30 PM,CGY,LAK,,,,
Thu.,1/9/2025,7:00 PM,7:00 PM,BUF,OTT,,,,
Thu.,1/9/2025,7:00 PM,7:00 PM,BOS,TBL,,,,
Thu.,1/9/2025,7:00 PM,7:00 PM,NJD,NYR,,,,
Thu.,1/9/2025,7:00 PM,7:00 PM,DAL,PHI,,,,
Thu.,1/9/2025,7:00 PM,7:00 PM,EDM,PIT,,,,
Thu.,1/9/2025,7:00 PM,7:00 PM,TOR,CAR,,,,
Thu.,1/9/2025,7:00 PM,7:00 PM,SEA,CBJ,,,,
Thu.,1/9/2025,8:00 PM,7:00 PM,ANA,STL,,,,
Thu.,1/9/2025,8:00 PM,7:00 PM,COL,MIN,,,,
Thu.,1/9/2025,10:00 PM,7:00 PM,NYI,VEG,,,,
Fri.,1/10/2025,7:00 PM,7:00 PM,CHI,DET,,,,
Fri.,1/10/2025,7:00 PM,7:00 PM,MON,WSH,,,,
Fri.,1/10/2025,7:00 PM,7:00 PM,VAN,CAR,,,,
Fri.,1/10/2025,8:00 PM,7:00 PM,LAK,WPG,,,,
Fri.,1/10/2025,9:00 PM,7:00 PM,SJS,UTA,,,,
Sat.,1/11/2025,1:00 PM,1:00 PM,BOS,FLA,,,,
Sat.,1/11/2025,4:00 PM,4:00 PM,SEA,BUF,,,,
Sat.,1/11/2025,4:00 PM,4:00 PM,OTT,PIT,,,,
Sat.,1/11/2025,7:00 PM,7:00 PM,VAN,TOR,,,,
Sat.,1/11/2025,7:00 PM,7:00 PM,DAL,MON,,,,
Sat.,1/11/2025,7:00 PM,7:00 PM,TBL,NJD,,,,
Sat.,1/11/2025,7:00 PM,7:00 PM,ANA,PHI,,,,
Sat.,1/11/2025,7:00 PM,6:00 PM,EDM,CHI,,,,
Sat.,1/11/2025,7:00 PM,6:00 PM,CBJ,STL,,,,
Sat.,1/11/2025,7:00 PM,6:00 PM,COL,WPG,,,,
Sat.,1/11/2025,8:00 PM,7:00 PM,WSH,NSH,,,,
Sat.,1/11/2025,9:00 PM,7:00 PM,NYI,UTA,,,,
Sat.,1/11/2025,10:00 PM,8:00 PM,LAK,CGY,,,,
Sat.,1/11/2025,10:00 PM,7:00 PM,NYR,VEG,,,,
Sat.,1/11/2025,10:00 PM,7:00 PM,MIN,SJS,,,,
Sun.,1/12/2025,3:00 PM,3:00 PM,SEA,DET,,,,
Sun.,1/12/2025,5:00 PM,5:00 PM,DAL,OTT,,,,
Sun.,1/12/2025,5:00 PM,5:00 PM,TBL,PIT,,,,
Sun.,1/12/2025,5:00 PM,5:00 PM,ANA,CAR,,,,
Sun.,1/12/2025,8:00 PM,5:00 PM,MIN,VEG,,,,
Mon.,1/13/2025,7:00 PM,7:00 PM,FLA,PHI,,,,
Mon.,1/13/2025,7:30 PM,6:30 PM,CGY,CHI,,,,
Mon.,1/13/2025,9:30 PM,7:30 PM,LAK,EDM,,,,
Tue.,1/14/2025,7:00 PM,7:00 PM,TBL,BOS,,,,
Tue.,1/14/2025,7:00 PM,7:00 PM,DAL,TOR,,,,
Tue.,1/14/2025,7:00 PM,7:00 PM,SJS,DET,,,,
Tue.,1/14/2025,7:00 PM,7:00 PM,FLA,NJD,,,,
Tue.,1/14/2025,7:00 PM,7:00 PM,SEA,PIT,,,,
Tue.,1/14/2025,7:00 PM,7:00 PM,ANA,WSH,,,,
Tue.,1/14/2025,7:00 PM,7:00 PM,PHI,CBJ,,,,
Tue.,1/14/2025,7:30 PM,7:30 PM,OTT,NYI,,,,
Tue.,1/14/2025,8:00 PM,7:00 PM,CGY,STL,,,,
Tue.,1/14/2025,8:00 PM,7:00 PM,VEG,NSH,,,,
Tue.,1/14/2025,8:00 PM,7:00 PM,VAN,WPG,,,,
Tue.,1/14/2025,9:00 PM,7:00 PM,NYR,COL,,,,
Tue.,1/14/2025,9:00 PM,7:00 PM,MON,UTA,,,,
Wed.,1/15/2025,6:00 PM,6:00 PM,CAR,BUF,,,,
Wed.,1/15/2025,8:30 PM,7:30 PM,EDM,MIN,,,,
Thu.,1/16/2025,7:00 PM,7:00 PM,NJD,TOR,,,,
Thu.,1/16/2025,7:00 PM,7:00 PM,WSH,OTT,,,,
Thu.,1/16/2025,7:00 PM,7:00 PM,ANA,TBL,,,,
Thu.,1/16/2025,7:00 PM,7:00 PM,DET,FLA,,,,
Thu.,1/16/2025,7:00 PM,7:00 PM,SJS,CBJ,,,,
Thu.,1/16/2025,7:30 PM,7:30 PM,PHI,NYI,,,,
Thu.,1/16/2025,8:00 PM,7:00 PM,CGY,STL,,,,
Thu.,1/16/2025,8:00 PM,7:00 PM,CHI,NSH,,,,
Thu.,1/16/2025,8:00 PM,7:00 PM,MON,DAL,,,,
Thu.,1/16/2025,8:00 PM,7:00 PM,SEA,WPG,,,,
Thu.,1/16/2025,9:00 PM,7:00 PM,NYR,UTA,,,,
Thu.,1/16/2025,9:30 PM,7:30 PM,EDM,COL,,,,
Thu.,1/16/2025,10:00 PM,7:00 PM,LAK,VAN,,,,
Fri.,1/17/2025,7:00 PM,7:00 PM,PIT,BUF,,,,
Fri.,1/17/2025,7:00 PM,7:00 PM,VEG,CAR,,,,
Sat.,1/18/2025,12:30 PM,12:30 PM,PHI,NJD,,,,
Sat.,1/18/2025,3:00 PM,3:00 PM,BOS,OTT,,,,
Sat.,1/18/2025,4:00 PM,2:00 PM,DAL,COL,,,,
Sat.,1/18/2025,6:00 PM,6:00 PM,ANA,FLA,,,,
Sat.,1/18/2025,7:00 PM,7:00 PM,TOR,MON,,,,
Sat.,1/18/2025,7:00 PM,7:00 PM,DET,TBL,,,,
Sat.,1/18/2025,7:00 PM,7:00 PM,CBJ,NYR,,,,
Sat.,1/18/2025,7:00 PM,7:00 PM,PIT,WSH,,,,
Sat.,1/18/2025,7:00 PM,6:00 PM,CGY,WPG,,,,
Sat.,1/18/2025,7:30 PM,7:30 PM,SJS,NYI,,,,
Sat.,1/18/2025,8:00 PM,7:00 PM,VEG,CHI,,,,
Sat.,1/18/2025,8:00 PM,7:00 PM,MIN,NSH,,,,
Sat.,1/18/2025,9:00 PM,7:00 PM,STL,UTA,,,,
Sat.,1/18/2025,10:00 PM,7:00 PM,EDM,VAN,,,,
Sat.,1/18/2025,10:00 PM,7:00 PM,LAK,SEA,,,,
Sun.,1/19/2025,1:00 PM,1:00 PM,OTT,NJD,,,,
Sun.,1/19/2025,7:00 PM,7:00 PM,NYR,MON,,,,
Sun.,1/19/2025,8:00 PM,7:00 PM,DET,DAL,,,,
Mon.,1/20/2025,1:00 PM,1:00 PM,SJS,BOS,,,,
Mon.,1/20/2025,3:00 PM,1:00 PM,MIN,COL,,,,
Mon.,1/20/2025,4:00 PM,1:00 PM,BUF,SEA,,,,
Mon.,1/20/2025,6:00 PM,3:00 PM,STL,VEG,,,,
Mon.,1/20/2025,7:30 PM,7:30 PM,TBL,TOR,,,,
Mon.,1/20/2025,7:30 PM,7:30 PM,CBJ,NYI,,,,
Mon.,1/20/2025,8:30 PM,7:30 PM,CAR,CHI,,,,
Mon.,1/20/2025,9:30 PM,7:30 PM,WPG,UTA,,,,
Mon.,1/20/2025,10:30 PM,7:30 PM,PIT,LAK,,,,
Tue.,1/21/2025,7:00 PM,7:00 PM,TBL,MON,,,,
Tue.,1/21/2025,7:00 PM,7:00 PM,OTT,NYR,,,,
Tue.,1/21/2025,7:00 PM,7:00 PM,DET,PHI,,,,
Tue.,1/21/2025,8:00 PM,7:00 PM,SJS,NSH,,,,
Tue.,1/21/2025,8:00 PM,7:00 PM,CAR,DAL,,,,
Tue.,1/21/2025,9:00 PM,7:00 PM,WSH,EDM,,,,
Tue.,1/21/2025,10:00 PM,7:00 PM,BUF,VAN,,,,
Tue.,1/21/2025,10:00 PM,7:00 PM,FLA,ANA,,,,
Wed.,1/22/2025,7:30 PM,7:30 PM,CBJ,TOR,,,,
Wed.,1/22/2025,7:30 PM,7:30 PM,BOS,NJD,,,,
Wed.,1/22/2025,9:30 PM,7:30 PM,WPG,COL,,,,
Wed.,1/22/2025,10:00 PM,7:00 PM,FLA,LAK,,,,
Thu.,1/23/2025,7:00 PM,7:00 PM,OTT,BOS,,,,
Thu.,1/23/2025,7:00 PM,7:00 PM,MON,DET,,,,
Thu.,1/23/2025,7:00 PM,7:00 PM,PHI,NYR,,,,
Thu.,1/23/2025,7:00 PM,7:00 PM,CBJ,CAR,,,,
Thu.,1/23/2025,8:00 PM,7:00 PM,VEG,STL,,,,
Thu.,1/23/2025,8:00 PM,7:00 PM,UTA,MIN,,,,
Thu.,1/23/2025,9:00 PM,7:00 PM,BUF,CGY,,,,
Thu.,1/23/2025,9:00 PM,7:00 PM,VAN,EDM,,,,
Thu.,1/23/2025,10:00 PM,7:00 PM,PIT,ANA,,,,
Thu.,1/23/2025,10:00 PM,7:00 PM,WSH,SEA,,,,
Thu.,1/23/2025,10:30 PM,7:30 PM,NSH,SJS,,,,
Fri.,1/24/2025,7:30 PM,7:30 PM,PHI,NYI,,,,
Fri.,1/24/2025,7:30 PM,6:30 PM,TBL,CHI,,,,
Fri.,1/24/2025,8:00 PM,7:00 PM,VEG,DAL,,,,
Fri.,1/24/2025,8:00 PM,7:00 PM,UTA,WPG,,,,
Sat.,1/25/2025,1:00 PM,1:00 PM,COL,BOS,,,,
Sat.,1/25/2025,4:00 PM,2:00 PM,BUF,EDM,,,,
Sat.,1/25/2025,4:00 PM,1:00 PM,PIT,SEA,,,,
Sat.,1/25/2025,7:00 PM,7:00 PM,NJD,MON,,,,
Sat.,1/25/2025,7:00 PM,7:00 PM,TOR,OTT,,,,
Sat.,1/25/2025,7:00 PM,7:00 PM,TBL,DET,,,,
Sat.,1/25/2025,7:00 PM,7:00 PM,LAK,CBJ,,,,
Sat.,1/25/2025,7:00 PM,6:00 PM,DAL,STL,,,,
Sat.,1/25/2025,7:00 PM,6:00 PM,CGY,MIN,,,,
Sat.,1/25/2025,7:30 PM,7:30 PM,CAR,NYI,,,,
Sat.,1/25/2025,10:00 PM,7:00 PM,WSH,VAN,,,,
Sat.,1/25/2025,10:00 PM,7:00 PM,NSH,ANA,,,,
Sat.,1/25/2025,10:00 PM,7:00 PM,FLA,SJS,,,,
Sun.,1/26/2025,1:00 PM,1:00 PM,COL,NYR,,,,
Sun.,1/26/2025,5:00 PM,5:00 PM,UTA,OTT,,,,
Sun.,1/26/2025,6:00 PM,5:00 PM,CGY,WPG,,,,
Sun.,1/26/2025,7:00 PM,6:00 PM,MIN,CHI,,,,
Sun.,1/26/2025,8:00 PM,5:00 PM,FLA,VEG,,,,
Mon.,1/27/2025,7:00 PM,7:00 PM,LAK,DET,,,,
Mon.,1/27/2025,7:00 PM,7:00 PM,NJD,PHI,,,,
Mon.,1/27/2025,7:30 PM,6:30 PM,VAN,STL,,,,
Mon.,1/27/2025,9:30 PM,7:30 PM,SEA,EDM,,,,
Mon.,1/27/2025,10:30 PM,7:30 PM,PIT,SJS,,,,
Tue.,1/28/2025,7:00 PM,7:00 PM,BOS,BUF,,,,
Tue.,1/28/2025,7:00 PM,7:00 PM,WPG,MON,,,,
Tue.,1/28/2025,7:00 PM,7:00 PM,CHI,TBL,,,,
Tue.,1/28/2025,7:00 PM,7:00 PM,CAR,NYR,,,,
Tue.,1/28/2025,7:30 PM,7:30 PM,COL,NYI,,,,
Tue.,1/28/2025,9:00 PM,7:00 PM,WSH,CGY,,,,
Tue.,1/28/2025,10:00 PM,7:00 PM,DAL,VEG,,,,
Tue.,1/28/2025,10:00 PM,7:00 PM,ANA,SEA,,,,
Wed.,1/29/2025,7:00 PM,7:00 PM,MIN,TOR,,,,
Wed.,1/29/2025,7:00 PM,7:00 PM,LAK,FLA,,,,
Wed.,1/29/2025,7:00 PM,7:00 PM,PHI,NJD,,,,
Wed.,1/29/2025,9:00 PM,8:00 PM,VAN,NSH,,,,
Wed.,1/29/2025,9:30 PM,7:30 PM,PIT,UTA,,,,
Thu.,1/30/2025,7:00 PM,7:00 PM,WPG,BOS,,,,
Thu.,1/30/2025,7:00 PM,7:00 PM,MIN,MON,,,,
Thu.,1/30/2025,7:00 PM,7:00 PM,WSH,OTT,,,,
Thu.,1/30/2025,7:00 PM,7:00 PM,LAK,TBL,,,,
Thu.,1/30/2025,7:00 PM,7:00 PM,NYI,PHI,,,,
Thu.,1/30/2025,7:00 PM,7:00 PM,CHI,CAR,,,,
Thu.,1/30/2025,9:00 PM,7:00 PM,ANA,CGY,,,,
Thu.,1/30/2025,9:00 PM,7:00 PM,DET,EDM,,,,
Thu.,1/30/2025,10:00 PM,7:00 PM,CBJ,VEG,,,,
Thu.,1/30/2025,10:00 PM,7:00 PM,SJS,SEA,,,,
Fri.,1/31/2025,7:00 PM,7:00 PM,NSH,BUF,,,,
Fri.,1/31/2025,8:00 PM,7:00 PM,VAN,DAL,,,,
Fri.,1/31/2025,9:00 PM,7:00 PM,STL,COL,,,,
Fri.,1/31/2025,9:00 PM,7:00 PM,CBJ,UTA,,,,
Sat.,2/1/2025,1:00 PM,1:00 PM,CHI,FLA,,,,
Sat.,2/1/2025,3:30 PM,3:30 PM,NYR,BOS,,,,
Sat.,2/1/2025,7:00 PM,7:00 PM,MIN,OTT,,,,
Sat.,2/1/2025,7:00 PM,7:00 PM,NYI,TBL,,,,
Sat.,2/1/2025,7:00 PM,7:00 PM,NSH,PIT,,,,
Sat.,2/1/2025,7:00 PM,7:00 PM,WPG,WSH,,,,
Sat.,2/1/2025,7:00 PM,7:00 PM,LAK,CAR,,,,
Sat.,2/1/2025,7:00 PM,5:00 PM,TOR,EDM,,,,
Sat.,2/1/2025,10:00 PM,8:00 PM,DET,CGY,,,,
Sun.,2/2/2025,1:00 PM,1:00 PM,NJD,BUF,,,,
Sun.,2/2/2025,3:00 PM,1:00 PM,PHI,COL,,,,
Sun.,2/2/2025,4:00 PM,1:00 PM,MON,ANA,,,,
Sun.,2/2/2025,6:00 PM,6:00 PM,NYI,FLA,,,,
Sun.,2/2/2025,6:00 PM,6:00 PM,VEG,NYR,,,,
Sun.,2/2/2025,6:00 PM,5:00 PM,CBJ,DAL,,,,
Sun.,2/2/2025,7:00 PM,5:00 PM,STL,UTA,,,,
Sun.,2/2/2025,8:00 PM,5:00 PM,DET,VAN,,,,
Sun.,2/2/2025,9:00 PM,6:00 PM,CGY,SEA,,,,
Mon.,2/3/2025,7:30 PM,6:30 PM,OTT,NSH,,,,
Tue.,2/4/2025,7:00 PM,7:00 PM,MIN,BOS,,,,
Tue.,2/4/2025,7:00 PM,7:00 PM,CBJ,BUF,,,,
Tue.,2/4/2025,7:00 PM,7:00 PM,OTT,TBL,,,,
Tue.,2/4/2025,7:00 PM,7:00 PM,NJD,PIT,,,,
Tue.,2/4/2025,7:00 PM,7:00 PM,FLA,WSH,,,,
Tue.,2/4/2025,7:30 PM,7:30 PM,VEG,NYI,,,,
Tue.,2/4/2025,8:00 PM,7:00 PM,EDM,STL,,,,
Tue.,2/4/2025,8:00 PM,7:00 PM,CAR,WPG,,,,
Tue.,2/4/2025,9:00 PM,7:00 PM,TOR,CGY,,,,
Tue.,2/4/2025,9:00 PM,7:00 PM,PHI,UTA,,,,
Tue.,2/4/2025,10:00 PM,7:00 PM,COL,VAN,,,,
Tue.,2/4/2025,10:00 PM,7:00 PM,DAL,ANA,,,,
Tue.,2/4/2025,10:00 PM,7:00 PM,DET,SEA,,,,
Tue.,2/4/2025,10:30 PM,7:30 PM,MON,SJS,,,,
Wed.,2/5/2025,7:00 PM,7:00 PM,BOS,NYR,,,,
Wed.,2/5/2025,9:30 PM,8:30 PM,EDM,CHI,,,,
Wed.,2/5/2025,10:30 PM,7:30 PM,MON,LAK,,,,
Thu.,2/6/2025,7:00 PM,7:00 PM,OTT,TBL,,,,
Thu.,2/6/2025,7:00 PM,7:00 PM,VEG,NJD,,,,
Thu.,2/6/2025,7:00 PM,7:00 PM,WSH,PHI,,,,
Thu.,2/6/2025,7:00 PM,7:00 PM,UTA,CBJ,,,,
Thu.,2/6/2025,8:00 PM,7:00 PM,FLA,STL,,,,
Thu.,2/6/2025,8:00 PM,7:00 PM,CAR,MIN,,,,
Thu.,2/6/2025,9:00 PM,7:00 PM,COL,CGY,,,,
Thu.,2/6/2025,10:00 PM,7:00 PM,TOR,SEA,,,,
Thu.,2/6/2025,10:30 PM,7:30 PM,VAN,SJS,,,,
Fri.,2/7/2025,7:00 PM,7:00 PM,PIT,NYR,,,,
Fri.,2/7/2025,8:00 PM,7:00 PM,NYI,WPG,,,,
Fri.,2/7/2025,8:30 PM,7:30 PM,NSH,CHI,,,,
Fri.,2/7/2025,9:00 PM,7:00 PM,COL,EDM,,,,
Fri.,2/7/2025,10:30 PM,7:30 PM,DAL,LAK,,,,
Sat.,2/8/2025,1:00 PM,1:00 PM,NJD,MON,,,,
Sat.,2/8/2025,1:00 PM,1:00 PM,TBL,DET,,,,
Sat.,2/8/2025,1:00 PM,1:00 PM,UTA,CAR,,,,
Sat.,2/8/2025,3:30 PM,3:30 PM,VEG,BOS,,,,
Sat.,2/8/2025,7:00 PM,7:00 PM,OTT,FLA,,,,
Sat.,2/8/2025,7:00 PM,7:00 PM,PIT,PHI,,,,
Sat.,2/8/2025,7:00 PM,7:00 PM,NYR,CBJ,,,,
Sat.,2/8/2025,7:00 PM,6:00 PM,CHI,STL,,,,
Sat.,2/8/2025,7:00 PM,4:00 PM,TOR,VAN,,,,
Sat.,2/8/2025,8:00 PM,7:00 PM,BUF,NSH,,,,
Sat.,2/8/2025,8:00 PM,7:00 PM,NYI,MIN,,,,
Sat.,2/8/2025,10:00 PM,8:00 PM,SEA,CGY,,,,
Sat.,2/8/2025,10:00 PM,7:00 PM,ANA,LAK,,,,
Sat.,2/8/2025,10:00 PM,7:00 PM,DAL,SJS,,,,
Sun.,2/9/2025,12:30 PM,12:30 PM,UTA,WSH,,,,
Sun.,2/9/2025,1:00 PM,1:00 PM,TBL,MON,,,,
Sat.,2/22/2025,1:00 PM,1:00 PM,EDM,PHI,,,,
Sat.,2/22/2025,1:00 PM,1:00 PM,WSH,PIT,,,,
Sat.,2/22/2025,3:30 PM,3:30 PM,MIN,DET,,,,
Sat.,2/22/2025,5:30 PM,5:30 PM,NYR,BUF,,,,
Sat.,2/22/2025,6:00 PM,6:00 PM,SEA,FLA,,,,
Sat.,2/22/2025,6:00 PM,6:00 PM,DAL,NJD,,,,
Sat.,2/22/2025,6:00 PM,5:00 PM,COL,NSH,,,,
Sat.,2/22/2025,7:00 PM,7:00 PM,ANA,BOS,,,,
Sat.,2/22/2025,7:00 PM,7:00 PM,CAR,TOR,,,,
Sat.,2/22/2025,7:00 PM,7:00 PM,MON,OTT,,,,
Sat.,2/22/2025,7:00 PM,7:00 PM,CHI,CBJ,,,,
Sat.,2/22/2025,7:00 PM,6:00 PM,WPG,STL,,,,
Sat.,2/22/2025,9:00 PM,6:00 PM,UTA,LAK,,,,
Sat.,2/22/2025,10:00 PM,7:00 PM,VAN,VEG,,,,
Sun.,2/23/2025,1:00 PM,1:00 PM,EDM,WSH,,,,
Sun.,2/23/2025,3:30 PM,3:30 PM,NYR,PIT,,,,
Sun.,2/23/2025,6:00 PM,6:00 PM,ANA,DET,,,,
Sun.,2/23/2025,6:00 PM,6:00 PM,SEA,TBL,,,,
Sun.,2/23/2025,6:00 PM,5:00 PM,COL,STL,,,,
Sun.,2/23/2025,6:00 PM,5:00 PM,NJD,NSH,,,,
Sun.,2/23/2025,7:00 PM,6:00 PM,TOR,CHI,,,,
Sun.,2/23/2025,7:30 PM,7:30 PM,DAL,NYI,,,,
Sun.,2/23/2025,8:00 PM,6:00 PM,SJS,CGY,,,,
Sun.,2/23/2025,8:00 PM,6:00 PM,VAN,UTA,,,,
Mon.,2/24/2025,7:30 PM,6:30 PM,SJS,WPG,,,,
Mon.,2/24/2025,10:30 PM,7:30 PM,VEG,LAK,,,,
Tue.,2/25/2025,7:00 PM,7:00 PM,TOR,BOS,,,,
Tue.,2/25/2025,7:00 PM,7:00 PM,ANA,BUF,,,,
Tue.,2/25/2025,7:00 PM,7:00 PM,CAR,MON,,,,
Tue.,2/25/2025,7:00 PM,7:00 PM,EDM,TBL,,,,
Tue.,2/25/2025,7:00 PM,7:00 PM,PIT,PHI,,,,
Tue.,2/25/2025,7:00 PM,7:00 PM,CGY,WSH,,,,
Tue.,2/25/2025,7:00 PM,7:00 PM,DAL,CBJ,,,,
Tue.,2/25/2025,7:30 PM,7:30 PM,NYR,NYI,,,,
Tue.,2/25/2025,8:00 PM,7:00 PM,SEA,STL,,,,
Tue.,2/25/2025,8:00 PM,7:00 PM,FLA,NSH,,,,
Tue.,2/25/2025,8:00 PM,7:00 PM,DET,MIN,,,,
Tue.,2/25/2025,9:00 PM,7:00 PM,CHI,UTA,,,,
Wed.,2/26/2025,7:00 PM,7:00 PM,WPG,OTT,,,,
Wed.,2/26/2025,9:30 PM,7:30 PM,NJD,COL,,,,
Wed.,2/26/2025,10:00 PM,7:00 PM,VAN,LAK,,,,
Thu.,2/27/2025,7:00 PM,7:00 PM,NYI,BOS,,,,
Thu.,2/27/2025,7:00 PM,7:00 PM,SJS,MON,,,,
Thu.,2/27/2025,7:00 PM,7:00 PM,CBJ,DET,,,,
Thu.,2/27/2025,7:00 PM,7:00 PM,CGY,TBL,,,,
Thu.,2/27/2025,7:00 PM,7:00 PM,EDM,FLA,,,,
Thu.,2/27/2025,7:00 PM,7:00 PM,PHI,PIT,,,,
Thu.,2/27/2025,7:00 PM,7:00 PM,STL,WSH,,,,
Thu.,2/27/2025,7:00 PM,7:00 PM,BUF,CAR,,,,
Thu.,2/27/2025,8:00 PM,7:00 PM,WPG,NSH,,,,
Thu.,2/27/2025,9:00 PM,7:00 PM,MIN,UTA,,,,
Thu.,2/27/2025,10:00 PM,7:00 PM,CHI,VEG,,,,
Thu.,2/27/2025,10:00 PM,7:00 PM,VAN,ANA,,,,
Fri.,2/28/2025,7:00 PM,7:00 PM,TOR,NYR,,,,
Fri.,2/28/2025,8:00 PM,7:00 PM,LAK,DAL,,,,
Fri.,2/28/2025,9:00 PM,7:00 PM,MIN,COL,,,,
Sat.,3/1/2025,12:30 PM,12:30 PM,NSH,NYI,,,,
Sat.,3/1/2025,12:30 PM,12:30 PM,TBL,WSH,,,,
Sat.,3/1/2025,TBD,TBD,DET,CBJ,,,,
Sat.,3/1/2025,3:00 PM,3:00 PM,CGY,FLA,,,,
Sat.,3/1/2025,3:00 PM,3:00 PM,BOS,PIT,,,,
Sat.,3/1/2025,7:00 PM,7:00 PM,MON,BUF,,,,
Sat.,3/1/2025,7:00 PM,7:00 PM,SJS,OTT,,,,
Sat.,3/1/2025,7:00 PM,7:00 PM,EDM,CAR,,,,
Sat.,3/1/2025,7:00 PM,6:00 PM,PHI,WPG,,,,
Sat.,3/1/2025,8:00 PM,7:00 PM,LAK,STL,,,,
Sat.,3/1/2025,9:00 PM,7:00 PM,NJD,UTA,,,,
Sat.,3/1/2025,10:00 PM,7:00 PM,CHI,ANA,,,,
Sat.,3/1/2025,10:00 PM,7:00 PM,VAN,SEA,,,,
Sun.,3/2/2025,1:00 PM,1:00 PM,TOR,PIT,,,,
Sun.,3/2/2025,3:30 PM,2:30 PM,BOS,MIN,,,,
Sun.,3/2/2025,5:00 PM,5:00 PM,CGY,CAR,,,,
Sun.,3/2/2025,6:00 PM,5:00 PM,STL,DAL,,,,
Sun.,3/2/2025,7:00 PM,7:00 PM,NSH,NYR,,,,
Sun.,3/2/2025,8:00 PM,5:00 PM,NJD,VEG,,,,
Mon.,3/3/2025,6:30 PM,6:30 PM,OTT,WSH,,,,
Mon.,3/3/2025,7:00 PM,7:00 PM,BUF,MON,,,,
Mon.,3/3/2025,7:00 PM,7:00 PM,TBL,FLA,,,,
Mon.,3/3/2025,7:00 PM,7:00 PM,NYI,NYR,,,,
Mon.,3/3/2025,7:30 PM,7:30 PM,SJS,TOR,,,,
Mon.,3/3/2025,8:30 PM,7:30 PM,LAK,CHI,,,,
Tue.,3/4/2025,7:00 PM,7:00 PM,NSH,BOS,,,,
Tue.,3/4/2025,7:00 PM,7:00 PM,SJS,BUF,,,,
Tue.,3/4/2025,7:00 PM,7:00 PM,CAR,DET,,,,
Tue.,3/4/2025,7:00 PM,7:00 PM,CBJ,TBL,,,,
Tue.,3/4/2025,7:00 PM,7:00 PM,CGY,PHI,,,,
Tue.,3/4/2025,7:30 PM,7:30 PM,WPG,NYI,,,,
Tue.,3/4/2025,8:00 PM,7:00 PM,NJD,DAL,,,,
Tue.,3/4/2025,9:00 PM,7:00 PM,PIT,COL,,,,
Tue.,3/4/2025,9:00 PM,7:00 PM,ANA,EDM,,,,
Tue.,3/4/2025,10:00 PM,7:00 PM,MIN,SEA,,,,
Wed.,3/5/2025,7:30 PM,7:30 PM,WSH,NYR,,,,
Wed.,3/5/2025,7:30 PM,6:30 PM,OTT,CHI,,,,
Wed.,3/5/2025,10:00 PM,7:00 PM,TOR,VEG,,,,
Wed.,3/5/2025,10:30 PM,7:30 PM,ANA,VAN,,,,
Wed.,3/5/2025,10:30 PM,7:30 PM,STL,LAK,,,,
Thu.,3/6/2025,7:00 PM,7:00 PM,UTA,DET,,,,
Thu.,3/6/2025,7:00 PM,7:00 PM,BUF,TBL,,,,
Thu.,3/6/2025,7:00 PM,7:00 PM,CBJ,FLA,,,,
Thu.,3/6/2025,7:00 PM,7:00 PM,WPG,PHI,,,,
Thu.,3/6/2025,7:00 PM,7:00 PM,BOS,CAR,,,,
Thu.,3/6/2025,8:00 PM,7:00 PM,SEA,NSH,,,,
Thu.,3/6/2025,8:00 PM,7:00 PM,CGY,DAL,,,,
Thu.,3/6/2025,9:00 PM,7:00 PM,MON,EDM,,,,
Thu.,3/6/2025,9:30 PM,7:30 PM,SJS,COL,,,,
Fri.,3/7/2025,7:00 PM,7:00 PM,WPG,NJD,,,,
Fri.,3/7/2025,7:00 PM,7:00 PM,DET,WSH,,,,
Fri.,3/7/2025,8:30 PM,7:30 PM,UTA,CHI,,,,
Fri.,3/7/2025,10:00 PM,7:00 PM,MIN,VAN,,,,
Fri.,3/7/2025,10:00 PM,7:00 PM,PIT,VEG,,,,
Fri.,3/7/2025,10:00 PM,7:00 PM,STL,ANA,,,,
Sat.,3/8/2025,12:30 PM,12:30 PM,NYR,OTT,,,,
Sat.,3/8/2025,12:30 PM,12:30 PM,SEA,PHI,,,,
Sat.,3/8/2025,3:00 PM,3:00 PM,BOS,TBL,,,,
Sat.,3/8/2025,6:00 PM,6:00 PM,BUF,FLA,,,,
Sat.,3/8/2025,7:00 PM,5:00 PM,TOR,COL,,,,
Sat.,3/8/2025,7:00 PM,5:00 PM,MON,CGY,,,,
Sat.,3/8/2025,8:00 PM,7:00 PM,CHI,NSH,,,,
Sat.,3/8/2025,8:00 PM,5:00 PM,STL,LAK,,,,
Sat.,3/8/2025,10:00 PM,8:00 PM,DAL,EDM,,,,
Sat.,3/8/2025,10:00 PM,7:00 PM,NYI,SJS,,,,
Sun.,3/9/2025,1:00 PM,1:00 PM,NJD,PHI,,,,
Sun.,3/9/2025,3:30 PM,3:30 PM,SEA,WSH,,,,
Sun.,3/9/2025,3:30 PM,2:30 PM,PIT,MIN,,,,
Sun.,3/9/2025,5:00 PM,5:00 PM,WPG,CAR,,,,
Sun.,3/9/2025,6:00 PM,6:00 PM,CBJ,NYR,,,,
Sun.,3/9/2025,8:00 PM,5:00 PM,LAK,VEG,,,,
Sun.,3/9/2025,9:00 PM,6:00 PM,DAL,VAN,,,,
Sun.,3/9/2025,9:00 PM,6:00 PM,NYI,ANA,,,,
Mon.,3/10/2025,6:30 PM,6:30 PM,EDM,BUF,,,,
Mon.,3/10/2025,7:30 PM,7:30 PM,DET,OTT,,,,
Mon.,3/10/2025,9:00 PM,7:00 PM,CHI,COL,,,,
Mon.,3/10/2025,10:00 PM,8:00 PM,TOR,UTA,,,,
Tue.,3/11/2025,7:00 PM,7:00 PM,FLA,BOS,,,,
Tue.,3/11/2025,7:00 PM,7:00 PM,CBJ,NJD,,,,
Tue.,3/11/2025,7:00 PM,7:00 PM,OTT,PHI,,,,
Tue.,3/11/2025,7:00 PM,7:00 PM,VEG,PIT,,,,
Tue.,3/11/2025,7:00 PM,7:00 PM,TBL,CAR,,,,
Tue.,3/11/2025,8:00 PM,7:00 PM,COL,MIN,,,,
Tue.,3/11/2025,8:00 PM,7:00 PM,NYR,WPG,,,,
Tue.,3/11/2025,10:00 PM,7:00 PM,MON,VAN,,,,
Tue.,3/11/2025,10:00 PM,7:00 PM,WSH,ANA,,,,
Tue.,3/11/2025,10:30 PM,7:30 PM,NYI,LAK,,,,
Tue.,3/11/2025,10:30 PM,7:30 PM,NSH,SJS,,,,
Wed.,3/12/2025,7:30 PM,7:30 PM,BUF,DET,,,,
Wed.,3/12/2025,9:00 PM,7:00 PM,VAN,CGY,,,,
Wed.,3/12/2025,9:00 PM,7:00 PM,ANA,UTA,,,,
Wed.,3/12/2025,10:30 PM,7:30 PM,MON,SEA,,,,
Thu.,3/13/2025,7:00 PM,7:00 PM,FLA,TOR,,,,
Thu.,3/13/2025,7:00 PM,7:00 PM,BOS,OTT,,,,
Thu.,3/13/2025,7:00 PM,7:00 PM,EDM,NJD,,,,
Thu.,3/13/2025,7:00 PM,7:00 PM,TBL,PHI,,,,
Thu.,3/13/2025,7:00 PM,7:00 PM,STL,PIT,,,,
Thu.,3/13/2025,7:00 PM,7:00 PM,VEG,CBJ,,,,
Thu.,3/13/2025,8:00 PM,7:00 PM,NYR,MIN,,,,
Thu.,3/13/2025,10:30 PM,7:30 PM,WSH,LAK,,,,
Thu.,3/13/2025,10:30 PM,7:30 PM,CHI,SJS,,,,
Fri.,3/14/2025,7:00 PM,7:00 PM,DET,CAR,,,,
Fri.,3/14/2025,7:30 PM,7:30 PM,EDM,NYI,,,,
Fri.,3/14/2025,8:00 PM,7:00 PM,DAL,WPG,,,,
Fri.,3/14/2025,9:00 PM,7:00 PM,COL,CGY,,,,
Fri.,3/14/2025,10:00 PM,7:00 PM,NSH,ANA,,,,
Fri.,3/14/2025,10:00 PM,7:00 PM,UTA,SEA,,,,
Sat.,3/15/2025,12:30 PM,12:30 PM,VEG,BUF,,,,
Sat.,3/15/2025,3:00 PM,3:00 PM,NJD,PIT,,,,
Sat.,3/15/2025,5:00 PM,2:00 PM,WSH,SJS,,,,
Sat.,3/15/2025,7:00 PM,7:00 PM,TBL,BOS,,,,
Sat.,3/15/2025,7:00 PM,7:00 PM,OTT,TOR,,,,
Sat.,3/15/2025,7:00 PM,7:00 PM,FLA,MON,,,,
Sat.,3/15/2025,7:00 PM,7:00 PM,CAR,PHI,,,,
Sat.,3/15/2025,7:00 PM,7:00 PM,NYR,CBJ,,,,
Sat.,3/15/2025,8:00 PM,7:00 PM,STL,MIN,,,,
Sat.,3/15/2025,8:00 PM,5:00 PM,NSH,LAK,,,,
Sat.,3/15/2025,10:00 PM,7:00 PM,CHI,VAN,,,,
Sun.,3/16/2025,1:00 PM,1:00 PM,VEG,DET,,,,
Sun.,3/16/2025,3:30 PM,1:30 PM,DAL,COL,,,,
Sun.,3/16/2025,6:00 PM,5:00 PM,ANA,STL,,,,
Sun.,3/16/2025,7:00 PM,7:00 PM,EDM,NYR,,,,
Sun.,3/16/2025,7:30 PM,7:30 PM,FLA,NYI,,,,
Sun.,3/16/2025,8:00 PM,5:00 PM,UTA,VAN,,,,
Sun.,3/16/2025,9:00 PM,6:00 PM,WPG,SEA,,,,
Mon.,3/17/2025,7:00 PM,7:00 PM,BUF,BOS,,,,
Mon.,3/17/2025,7:00 PM,7:00 PM,PHI,TBL,,,,
Mon.,3/17/2025,7:00 PM,7:00 PM,NJD,CBJ,,,,
Mon.,3/17/2025,7:30 PM,7:30 PM,CGY,TOR,,,,
Mon.,3/17/2025,8:00 PM,7:00 PM,LAK,MIN,,,,
Tue.,3/18/2025,7:00 PM,7:00 PM,OTT,MON,,,,
Tue.,3/18/2025,7:00 PM,7:00 PM,CGY,NYR,,,,
Tue.,3/18/2025,7:00 PM,7:00 PM,NYI,PIT,,,,
Tue.,3/18/2025,7:00 PM,7:00 PM,DET,WSH,,,,
Tue.,3/18/2025,8:00 PM,7:00 PM,STL,NSH,,,,
Tue.,3/18/2025,8:00 PM,7:00 PM,ANA,DAL,,,,
Tue.,3/18/2025,8:30 PM,7:30 PM,SEA,CHI,,,,
Tue.,3/18/2025,9:00 PM,7:00 PM,UTA,EDM,,,,
Tue.,3/18/2025,10:00 PM,7:00 PM,WPG,VAN,,,,
Wed.,3/19/2025,7:00 PM,7:00 PM,COL,TOR,,,,
Wed.,3/19/2025,9:30 PM,8:30 PM,SEA,MIN,,,,
Thu.,3/20/2025,7:00 PM,7:00 PM,COL,OTT,,,,
Thu.,3/20/2025,7:00 PM,7:00 PM,CGY,NJD,,,,
Thu.,3/20/2025,7:00 PM,7:00 PM,TOR,NYR,,,,
Thu.,3/20/2025,7:00 PM,7:00 PM,PHI,WSH,,,,
Thu.,3/20/2025,7:00 PM,7:00 PM,FLA,CBJ,,,,
Thu.,3/20/2025,7:30 PM,7:30 PM,MON,NYI,,,,
Thu.,3/20/2025,8:00 PM,7:00 PM,VAN,STL,,,,
Thu.,3/20/2025,8:00 PM,7:00 PM,ANA,NSH,,,,
Thu.,3/20/2025,8:00 PM,7:00 PM,TBL,DAL,,,,
Thu.,3/20/2025,8:30 PM,7:30 PM,LAK,CHI,,,,
Thu.,3/20/2025,9:00 PM,7:00 PM,WPG,EDM,,,,
Thu.,3/20/2025,9:00 PM,7:00 PM,BUF,UTA,,,,
Thu.,3/20/2025,10:00 PM,7:00 PM,BOS,VEG,,,,
Thu.,3/20/2025,10:30 PM,7:30 PM,CAR,SJS,,,,
Fri.,3/21/2025,7:00 PM,7:00 PM,CBJ,PIT,,,,
Sat.,3/22/2025,1:00 PM,1:00 PM,VAN,NYR,,,,
Sat.,3/22/2025,2:00 PM,1:00 PM,PHI,DAL,,,,
Sat.,3/22/2025,2:00 PM,1:00 PM,BUF,MIN,,,,
Sat.,3/22/2025,3:00 PM,2:00 PM,CHI,STL,,,,
Sat.,3/22/2025,4:00 PM,4:00 PM,CGY,NYI,,,,
Sat.,3/22/2025,4:00 PM,1:00 PM,CAR,LAK,,,,
Sat.,3/22/2025,5:00 PM,5:00 PM,FLA,WSH,,,,
Sat.,3/22/2025,5:00 PM,3:00 PM,TBL,UTA,,,,
Sat.,3/22/2025,7:00 PM,7:00 PM,COL,MON,,,,
Sat.,3/22/2025,7:00 PM,7:00 PM,OTT,NJD,,,,
Sat.,3/22/2025,7:00 PM,6:00 PM,TOR,NSH,,,,
Sat.,3/22/2025,8:00 PM,5:00 PM,DET,VEG,,,,
Sat.,3/22/2025,10:00 PM,8:00 PM,SEA,EDM,,,,
Sat.,3/22/2025,10:30 PM,7:30 PM,BOS,SJS,,,,
Sun.,3/23/2025,3:00 PM,2:00 PM,PHI,CHI,,,,
Sun.,3/23/2025,3:00 PM,2:00 PM,BUF,WPG,,,,
Sun.,3/23/2025,6:00 PM,6:00 PM,PIT,FLA,,,,
Sun.,3/23/2025,6:00 PM,5:00 PM,NSH,STL,,,,
Sun.,3/23/2025,8:00 PM,5:00 PM,TBL,VEG,,,,
Sun.,3/23/2025,8:00 PM,5:00 PM,CAR,ANA,,,,
Sun.,3/23/2025,9:00 PM,6:00 PM,BOS,LAK,,,,
Mon.,3/24/2025,7:30 PM,7:30 PM,VAN,NJD,,,,
Mon.,3/24/2025,7:30 PM,7:30 PM,CBJ,NYI,,,,
Mon.,3/24/2025,8:00 PM,7:00 PM,MIN,DAL,,,,
Mon.,3/24/2025,9:00 PM,7:00 PM,DET,UTA,,,,
Tue.,3/25/2025,7:00 PM,7:00 PM,OTT,BUF,,,,
Tue.,3/25/2025,7:00 PM,7:00 PM,PHI,TOR,,,,
Tue.,3/25/2025,7:00 PM,7:00 PM,PIT,TBL,,,,
Tue.,3/25/2025,7:00 PM,7:00 PM,NSH,CAR,,,,
Tue.,3/25/2025,8:00 PM,7:00 PM,MON,STL,,,,
Tue.,3/25/2025,8:00 PM,7:00 PM,VEG,MIN,,,,
Tue.,3/25/2025,8:00 PM,7:00 PM,WSH,WPG,,,,
Tue.,3/25/2025,9:00 PM,7:00 PM,DET,COL,,,,
Tue.,3/25/2025,9:00 PM,7:00 PM,SEA,CGY,,,,
Tue.,3/25/2025,10:30 PM,7:30 PM,NYR,LAK,,,,
Wed.,3/26/2025,7:30 PM,7:30 PM,VAN,NYI,,,,
Wed.,3/26/2025,7:30 PM,6:30 PM,NJD,CHI,,,,
Wed.,3/26/2025,10:00 PM,8:00 PM,DAL,EDM,,,,
Wed.,3/26/2025,10:00 PM,7:00 PM,BOS,ANA,,,,
Thu.,3/27/2025,7:00 PM,7:00 PM,PIT,BUF,,,,
Thu.,3/27/2025,7:00 PM,7:00 PM,OTT,DET,,,,
Thu.,3/27/2025,7:00 PM,7:00 PM,UTA,TBL,,,,
Thu.,3/27/2025,7:00 PM,7:00 PM,MON,PHI,,,,
Thu.,3/27/2025,8:00 PM,7:00 PM,STL,NSH,,,,
Thu.,3/27/2025,8:00 PM,7:00 PM,WSH,MIN,,,,
Thu.,3/27/2025,9:00 PM,7:00 PM,LAK,COL,,,,
Thu.,3/27/2025,9:00 PM,7:00 PM,DAL,CGY,,,,
Thu.,3/27/2025,10:00 PM,7:00 PM,EDM,SEA,,,,
Thu.,3/27/2025,10:30 PM,7:30 PM,TOR,SJS,,,,
Fri.,3/28/2025,7:00 PM,7:00 PM,UTA,FLA,,,,
Fri.,3/28/2025,7:00 PM,7:00 PM,MON,CAR,,,,
Fri.,3/28/2025,7:00 PM,7:00 PM,VAN,CBJ,,,,
Fri.,3/28/2025,8:00 PM,7:00 PM,NJD,WPG,,,,
Fri.,3/28/2025,8:30 PM,7:30 PM,VEG,CHI,,,,
Fri.,3/28/2025,10:00 PM,7:00 PM,NYR,ANA,,,,
Sat.,3/29/2025,1:00 PM,1:00 PM,BUF,PHI,,,,
Sat.,3/29/2025,2:00 PM,2:00 PM,NYI,TBL,,,,
Sat.,3/29/2025,4:30 PM,2:30 PM,STL,COL,,,,
Sat.,3/29/2025,6:00 PM,5:00 PM,NJD,MIN,,,,
Sat.,3/29/2025,6:30 PM,5:30 PM,VEG,NSH,,,,
Sat.,3/29/2025,7:00 PM,7:00 PM,CBJ,OTT,,,,
Sat.,3/29/2025,7:00 PM,4:00 PM,TOR,LAK,,,,
Sat.,3/29/2025,8:00 PM,8:00 PM,BOS,DET,,,,
Sat.,3/29/2025,10:00 PM,8:00 PM,CGY,EDM,,,,
Sat.,3/29/2025,10:30 PM,7:30 PM,NYR,SJS,,,,
Sat.,3/29/2025,10:30 PM,7:30 PM,DAL,SEA,,,,
Sun.,3/30/2025,1:00 PM,1:00 PM,MON,FLA,,,,
Sun.,3/30/2025,3:00 PM,3:00 PM,BUF,WSH,,,,
Sun.,3/30/2025,3:00 PM,2:00 PM,VAN,WPG,,,,
Sun.,3/30/2025,4:00 PM,3:00 PM,UTA,CHI,,,,
Sun.,3/30/2025,5:00 PM,5:00 PM,OTT,PIT,,,,
Sun.,3/30/2025,5:00 PM,5:00 PM,NYI,CAR,,,,
Sun.,3/30/2025,8:00 PM,5:00 PM,TOR,ANA,,,,
Sun.,3/30/2025,9:00 PM,6:00 PM,SJS,LAK,,,,
Mon.,3/31/2025,7:00 PM,7:00 PM,MIN,NJD,,,,
Mon.,3/31/2025,7:00 PM,7:00 PM,NSH,PHI,,,,
Mon.,3/31/2025,8:30 PM,6:30 PM,CGY,COL,,,,
Mon.,3/31/2025,10:00 PM,7:00 PM,DAL,SEA,,,,
Tue.,4/1/2025,7:00 PM,7:00 PM,WSH,BOS,,,,
Tue.,4/1/2025,7:00 PM,7:00 PM,FLA,MON,,,,
Tue.,4/1/2025,7:00 PM,7:00 PM,BUF,OTT,,,,
Tue.,4/1/2025,7:00 PM,7:00 PM,NSH,CBJ,,,,
Tue.,4/1/2025,7:30 PM,7:30 PM,TBL,NYI,,,,
Tue.,4/1/2025,8:00 PM,7:00 PM,DET,STL,,,,
Tue.,4/1/2025,9:00 PM,7:00 PM,CGY,UTA,,,,
Tue.,4/1/2025,10:00 PM,7:00 PM,EDM,VEG,,,,
Tue.,4/1/2025,10:00 PM,7:00 PM,SJS,ANA,,,,
Tue.,4/1/2025,10:30 PM,7:30 PM,WPG,LAK,,,,
Wed.,4/2/2025,7:00 PM,7:00 PM,MIN,NYR,,,,
Wed.,4/2/2025,7:00 PM,7:00 PM,WSH,CAR,,,,
Wed.,4/2/2025,7:30 PM,7:30 PM,FLA,TOR,,,,
Wed.,4/2/2025,9:30 PM,8:30 PM,COL,CHI,,,,
Wed.,4/2/2025,10:30 PM,7:30 PM,SEA,VAN,,,,
Thu.,4/3/2025,7:00 PM,7:00 PM,BOS,MON,,,,
Thu.,4/3/2025,7:00 PM,7:00 PM,TBL,OTT,,,,
Thu.,4/3/2025,7:30 PM,7:30 PM,COL,CBJ,,,,
Thu.,4/3/2025,8:00 PM,7:00 PM,PIT,STL,,,,
Thu.,4/3/2025,8:00 PM,7:00 PM,NSH,DAL,,,,
Thu.,4/3/2025,9:00 PM,7:00 PM,LAK,UTA,,,,
Thu.,4/3/2025,9:30 PM,7:30 PM,ANA,CGY,,,,
Thu.,4/3/2025,10:00 PM,7:00 PM,WPG,VEG,,,,
Thu.,4/3/2025,10:30 PM,7:30 PM,EDM,SJS,,,,
Fri.,4/4/2025,7:00 PM,7:00 PM,CAR,DET,,,,
Fri.,4/4/2025,7:00 PM,7:00 PM,CHI,WSH,,,,
Fri.,4/4/2025,7:30 PM,7:30 PM,MIN,NYI,,,,
Sat.,4/5/2025,1:00 PM,1:00 PM,NYR,NJD,,,,
Sat.,4/5/2025,2:00 PM,2:00 PM,FLA,OTT,,,,
Sat.,4/5/2025,3:30 PM,2:30 PM,PIT,DAL,,,,
Sat.,4/5/2025,4:00 PM,1:00 PM,ANA,VAN,,,,
Sat.,4/5/2025,4:00 PM,1:00 PM,EDM,LAK,,,,
Sat.,4/5/2025,7:00 PM,7:00 PM,CAR,BOS,,,,
Sat.,4/5/2025,7:00 PM,7:00 PM,TBL,BUF,,,,
Sat.,4/5/2025,7:00 PM,7:00 PM,CBJ,TOR,,,,
Sat.,4/5/2025,7:00 PM,7:00 PM,PHI,MON,,,,
Sat.,4/5/2025,7:00 PM,6:00 PM,COL,STL,,,,
Sat.,4/5/2025,7:00 PM,5:00 PM,WPG,UTA,,,,
Sat.,4/5/2025,10:00 PM,8:00 PM,VEG,CGY,,,,
Sat.,4/5/2025,10:00 PM,7:00 PM,SEA,SJS,,,,
Sun.,4/6/2025,12:30 PM,12:30 PM,WSH,NYI,,,,
Sun.,4/6/2025,3:00 PM,2:00 PM,DAL,MIN,,,,
Sun.,4/6/2025,5:00 PM,5:00 PM,CBJ,OTT,,,,
Sun.,4/6/2025,5:30 PM,5:30 PM,FLA,DET,,,,
Sun.,4/6/2025,6:00 PM,6:00 PM,BOS,BUF,,,,
Sun.,4/6/2025,6:00 PM,5:00 PM,PIT,CHI,,,,
Sun.,4/6/2025,7:00 PM,6:00 PM,MON,NSH,,,,
Sun.,4/6/2025,10:00 PM,7:00 PM,VEG,VAN,,,,
Mon.,4/7/2025,7:00 PM,7:00 PM,TBL,NYR,,,,
Mon.,4/7/2025,7:30 PM,6:30 PM,STL,WPG,,,,
Mon.,4/7/2025,10:30 PM,7:30 PM,EDM,ANA,,,,
Mon.,4/7/2025,10:30 PM,7:30 PM,SEA,LAK,,,,
Mon.,4/7/2025,10:30 PM,7:30 PM,CGY,SJS,,,,
Tue.,4/8/2025,7:00 PM,7:00 PM,CAR,BUF,,,,
Tue.,4/8/2025,7:00 PM,7:00 PM,DET,MON,,,,
Tue.,4/8/2025,7:00 PM,7:00 PM,TOR,FLA,,,,
Tue.,4/8/2025,7:00 PM,7:00 PM,BOS,NJD,,,,
Tue.,4/8/2025,7:00 PM,7:00 PM,OTT,CBJ,,,,
Tue.,4/8/2025,7:30 PM,7:30 PM,CHI,PIT,,,,
Tue.,4/8/2025,8:00 PM,7:00 PM,NYI,NSH,,,,
Tue.,4/8/2025,8:00 PM,7:00 PM,VAN,DAL,,,,
Tue.,4/8/2025,9:00 PM,7:00 PM,SEA,UTA,,,,
Tue.,4/8/2025,10:00 PM,8:00 PM,VEG,COL,,,,
Wed.,4/9/2025,7:00 PM,7:00 PM,TOR,TBL,,,,
Wed.,4/9/2025,7:30 PM,7:30 PM,PHI,NYR,,,,
Wed.,4/9/2025,8:00 PM,7:00 PM,SJS,MIN,,,,
Wed.,4/9/2025,10:00 PM,8:00 PM,STL,EDM,,,,
Wed.,4/9/2025,10:00 PM,7:00 PM,CGY,ANA,,,,
Thu.,4/10/2025,7:00 PM,7:00 PM,CHI,BOS,,,,
Thu.,4/10/2025,7:00 PM,7:00 PM,DET,FLA,,,,
Thu.,4/10/2025,7:00 PM,7:00 PM,CAR,WSH,,,,
Thu.,4/10/2025,7:00 PM,7:00 PM,BUF,CBJ,,,,
Thu.,4/10/2025,7:30 PM,7:30 PM,NYR,NYI,,,,
Thu.,4/10/2025,8:00 PM,7:00 PM,WPG,DAL,,,,
Thu.,4/10/2025,9:00 PM,7:00 PM,VAN,COL,,,,
Thu.,4/10/2025,9:00 PM,7:00 PM,NSH,UTA,,,,
Thu.,4/10/2025,10:00 PM,7:00 PM,SEA,VEG,,,,
Thu.,4/10/2025,10:30 PM,7:30 PM,ANA,LAK,,,,
Fri.,4/11/2025,7:00 PM,7:00 PM,MON,OTT,,,,
Fri.,4/11/2025,7:00 PM,7:00 PM,DET,TBL,,,,
Fri.,4/11/2025,7:00 PM,7:00 PM,PIT,NJD,,,,
Fri.,4/11/2025,9:30 PM,7:30 PM,SJS,EDM,,,,
Fri.,4/11/2025,10:00 PM,8:00 PM,MIN,CGY,,,,
Sat.,4/12/2025,1:00 PM,1:00 PM,NYI,PHI,,,,
Sat.,4/12/2025,3:30 PM,3:30 PM,NYR,CAR,,,,
Sat.,4/12/2025,4:00 PM,1:00 PM,COL,LAK,,,,
Sat.,4/12/2025,6:00 PM,6:00 PM,BUF,FLA,,,,
Sat.,4/12/2025,7:00 PM,7:00 PM,MON,TOR,,,,
Sat.,4/12/2025,7:00 PM,7:00 PM,WSH,CBJ,,,,
Sat.,4/12/2025,7:00 PM,6:00 PM,WPG,CHI,,,,
Sat.,4/12/2025,8:00 PM,7:00 PM,UTA,DAL,,,,
Sat.,4/12/2025,10:00 PM,7:00 PM,MIN,VAN,,,,
Sat.,4/12/2025,10:00 PM,7:00 PM,NSH,VEG,,,,
Sat.,4/12/2025,10:00 PM,7:00 PM,STL,SEA,,,,
Sun.,4/13/2025,1:00 PM,1:00 PM,PHI,OTT,,,,
Sun.,4/13/2025,1:00 PM,1:00 PM,NYI,NJD,,,,
Sun.,4/13/2025,3:30 PM,3:30 PM,BOS,PIT,,,,
Sun.,4/13/2025,5:00 PM,5:00 PM,TOR,CAR,,,,
Sun.,4/13/2025,6:00 PM,6:00 PM,BUF,TBL,,,,
Sun.,4/13/2025,6:00 PM,6:00 PM,CBJ,WSH,,,,
Sun.,4/13/2025,7:00 PM,6:00 PM,EDM,WPG,,,,
Sun.,4/13/2025,8:00 PM,6:00 PM,SJS,CGY,,,,
Sun.,4/13/2025,8:00 PM,5:00 PM,COL,ANA,,,,
Mon.,4/14/2025,7:00 PM,7:00 PM,CHI,MON,,,,
Mon.,4/14/2025,7:00 PM,7:00 PM,DAL,DET,,,,
Mon.,4/14/2025,7:00 PM,7:00 PM,NYR,FLA,,,,
Mon.,4/14/2025,8:00 PM,7:00 PM,UTA,NSH,,,,
Mon.,4/14/2025,10:00 PM,8:00 PM,LAK,EDM,,,,
Mon.,4/14/2025,10:00 PM,7:00 PM,SJS,VAN,,,,
Tue.,4/15/2025,7:00 PM,7:00 PM,NJD,BOS,,,,
Tue.,4/15/2025,7:00 PM,7:00 PM,TOR,BUF,,,,
Tue.,4/15/2025,7:00 PM,7:00 PM,CHI,OTT,,,,
Tue.,4/15/2025,7:00 PM,7:00 PM,FLA,TBL,,,,
Tue.,4/15/2025,7:00 PM,7:00 PM,CBJ,PHI,,,,
Tue.,4/15/2025,7:30 PM,7:30 PM,WSH,NYI,,,,
Tue.,4/15/2025,8:00 PM,7:00 PM,UTA,STL,,,,
Tue.,4/15/2025,8:00 PM,7:00 PM,ANA,MIN,,,,
Tue.,4/15/2025,9:00 PM,7:00 PM,VEG,CGY,,,,
Tue.,4/15/2025,10:30 PM,7:30 PM,LAK,SEA,,,,
Wed.,4/16/2025,7:00 PM,7:00 PM,CAR,MON,,,,
Wed.,4/16/2025,7:00 PM,6:00 PM,ANA,WPG,,,,
Wed.,4/16/2025,7:30 PM,7:30 PM,DET,NJD,,,,
Wed.,4/16/2025,8:00 PM,7:00 PM,DAL,NSH,,,,
Wed.,4/16/2025,10:00 PM,7:00 PM,VEG,VAN,,,,
Wed.,4/16/2025,10:30 PM,7:30 PM,EDM,SJS,,,,
Thu.,4/17/2025,7:00 PM,7:00 PM,PHI,BUF,,,,
Thu.,4/17/2025,7:00 PM,7:00 PM,DET,TOR,,,,
Thu.,4/17/2025,7:00 PM,7:00 PM,CAR,OTT,,,,
Thu.,4/17/2025,7:00 PM,7:00 PM,TBL,NYR,,,,
Thu.,4/17/2025,7:00 PM,7:00 PM,WSH,PIT,,,,
Thu.,4/17/2025,7:00 PM,7:00 PM,NYI,CBJ,,,,
